city,state
Pūnch,Jammu and Kashmir
Kilakarai,Tamil Nadu
Zunheboto,Nagaland
Zamānia,Uttar Pradesh
Zaidpur,Uttar Pradesh
Zahirābād,Telangana
Yeola,Maharashtra
Yellāpur,Karnataka
Yellandu,Telangana
Yelahanka,Karnataka
Yavatmāl,Maharashtra
Yāval,Maharashtra
Yanam,Andhra Pradesh
Yamuna Nagar,Haryana
Yadgir,Karnataka
Wokha,Nagaland
Weir,Rajasthan
Wellington,Tamil Nadu
Wazīrganj,Uttar Pradesh
Wāshīm,Maharashtra
Warud,Maharashtra
Warora,Maharashtra
Wāris Alīganj,Bihar
Wardha,Maharashtra
Wārāseonī,Madhya Pradesh
Warangal,Telangana
Wanparti,Telangana
Wānkāner,Gujarat
Wani,Maharashtra
Waluj Buzurg,Maharashtra
Walajapet,Tamil Nadu
Wai,Maharashtra
Wādi,Karnataka
Wadgaon,Maharashtra
Vypīn,Kerala
Vyāra,Gujarat
Vuyyūru,Andhra Pradesh
Vrindāvan,Uttar Pradesh
Vriddhāchalam,Tamil Nadu
Vizianagaram,Andhra Pradesh
Vittal,Karnataka
Vite,Maharashtra
Visnagar,Gujarat
Vishāram,Tamil Nadu
Visakhapatnam,Andhra Pradesh
Vīsāvadar,Gujarat
Virudunagar,Tamil Nadu
Vadakku Viravanallur,Tamil Nadu
Virajpet,Karnataka
Virār,Maharashtra
Viramgām,Gujarat
Vinukonda,Andhra Pradesh
Villupuram,Tamil Nadu
Villianur,Puducherry
Vilattikulam,Tamil Nadu
Vikramasingapuram,Tamil Nadu
Vikārābād,Telangana
Vijayawada,Andhra Pradesh
Vijāpur,Gujarat
Vidisha,Madhya Pradesh
Vettūr,Kerala
Vettavalam,Tamil Nadu
Vettaikkaranpudur,Tamil Nadu
Vetapālem,Andhra Pradesh
Verāval,Gujarat
Vepagunta,Andhra Pradesh
Venkatagiri,Andhra Pradesh
Vemalwāda,Telangana
Velur,Tamil Nadu
Vellore,Tamil Nadu
Vellakkovil,Tamil Nadu
Vejalpur,Gujarat
Vedaraniyam,Tamil Nadu
Vayalār,Kerala
Vattalkundu,Tamil Nadu
Vāsudevanallūr,Tamil Nadu
Vasind,Maharashtra
Vasco da Gama,Goa
Vaso,Gujarat
Varkala,Kerala
Varangaon,Maharashtra
Varanasi,Uttar Pradesh
Vaniyambadi,Tamil Nadu
Vandavāsi,Tamil Nadu
Vandalūr,Tamil Nadu
Valsād,Gujarat
Valparai,Tamil Nadu
Vallam,Tamil Nadu
Vallabh Vidyanagar,Gujarat
Valavanur,Tamil Nadu
Valabhīpur,Gujarat
Vaikam,Kerala
Vaijāpur,Maharashtra
Vagholi,Maharashtra
Vāghodia,Gujarat
Vadodara,Gujarat
Vadnagar,Gujarat
Vadlapūdi,Andhra Pradesh
Vadipatti,Tamil Nadu
Vādāsinor,Gujarat
Vadamadurai,Tamil Nadu
Vadāli,Gujarat
Vadakku Valliyūr,Tamil Nadu
Vadakāncheri,Kerala
Vāda,Maharashtra
Uttiramerūr,Tamil Nadu
Uttarkāshi,Uttarakhand
Ūttangarai,Tamil Nadu
Uttamapālaiyam,Tamil Nadu
Utraula,Uttar Pradesh
Utnūr,Telangana
Usilampatti,Tamil Nadu
Usehat,Uttar Pradesh
Urun-Islāmpur,Maharashtra
Urmar,Punjab
Uravakonda,Andhra Pradesh
Uran,Maharashtra
Upleta,Gujarat
Uppal Kalan,Telangana
Unnāo,Uttar Pradesh
Unjha,Gujarat
Unhel,Madhya Pradesh
Unchahra,Madhya Pradesh
Unchagao,Maharashtra
Una,Himachal Pradesh
Una,Gujarat
Ūn,Uttar Pradesh
Un,Gujarat
Umreth,Gujarat
Umred,Maharashtra
Umarkot,Chhattisgarh
Umarkhed,Maharashtra
Umaria,Madhya Pradesh
Umargām,Gujarat
Umarga,Maharashtra
Uluberiya,West Bengal
Ullal,Karnataka
Ulhasnagar,Maharashtra
Ukhrul,Manipur
Ujjain,Madhya Pradesh
Ujhāni,Uttar Pradesh
Udumalaippettai,Tamil Nadu
Udupi,Karnataka
Udhampur,Jammu and Kashmir
Udgīr,Maharashtra
Udangudi,Tamil Nadu
Udalguri,Assam
Udaipura,Madhya Pradesh
Udaipur,Rajasthan
Udaipur,Rajasthan
Udaipur,Tripura
Ooty,Tamil Nadu
Bara Uchāna,Haryana
Ubaidullāhganj,Madhya Pradesh
Tyāgadurgam,Tamil Nadu
Turaiyūr,Tamil Nadu
Tura,Meghalaya
Tuni,Andhra Pradesh
Tūndla,Uttar Pradesh
Tumsar,Maharashtra
Tumkūr,Karnataka
Tulsīpur,Uttar Pradesh
Tuljāpur,Maharashtra
Tufānganj,West Bengal
Tuensang,Nagaland
Tudiyalūr,Tamil Nadu
Thiruvananthapuram,Kerala
Trittāla,Kerala
Tripunittura,Kerala
Thrissur,Kerala
Trāl,Jammu and Kashmir
Toshām,Haryana
Tonk,Rajasthan
Tondi,Tamil Nadu
Tohāna,Haryana
Todaraisingh,Rajasthan
Todabhim,Rajasthan
Tittagudi,Tamil Nadu
Titlāgarh,Odisha
Titāgarh,West Bengal
Tisaiyanvilai,Tamil Nadu
Tiruvottiyūr,Tamil Nadu
Cheyyar,Tamil Nadu
Tiruvannamalai,Tamil Nadu
Tiruvankod,Tamil Nadu
Tiruvallur,Tamil Nadu
Tiruvalla,Kerala
Thiruthuraipoondi,Tamil Nadu
Thiruthani,Tamil Nadu
Tiruttangal,Tamil Nadu
Tirūrangādi,Kerala
Tirur,Kerala
Tiruppuvanam,Tamil Nadu
Tiruppur,Tamil Nadu
Tirupattur,Tamil Nadu
Tirupparangunram,Tamil Nadu
Tirupati,Andhra Pradesh
Tirunelveli,Tamil Nadu
Tirumangalam,Tamil Nadu
Tirumala,Andhra Pradesh
Tirukkoyilur,Tamil Nadu
Tirukkalikkunram,Tamil Nadu
Tiruchengode,Tamil Nadu
Tiruchirappalli,Tamil Nadu
Tiruchchendur,Tamil Nadu
Tīrthahalli,Karnataka
Tirāwari,Haryana
Tiptūr,Karnataka
Tinsukia,Assam
Tinnanūr,Tamil Nadu
Tindivanam,Tamil Nadu
Timurni,Madhya Pradesh
Tilhar,Uttar Pradesh
Tikkotti,Kerala
Tīkamgarh,Madhya Pradesh
Tijāra,Rajasthan
Thoubāl,Manipur
Thiruvarur,Tamil Nadu
Thiruvaiyaru,Tamil Nadu
Thāsra,Gujarat
Tharād,Gujarat
Thara,Gujarat
Thanjavur,Tamil Nadu
Thānesar,Haryana
Thāne,Maharashtra
Thandla,Madhya Pradesh
Thāna Bhawan,Uttar Pradesh
Thān,Gujarat
Thākurganj,Bihar
Thakurdwara,Uttar Pradesh
Tezu,Arunachal Pradesh
Tezpur,Assam
Tevāram,Tamil Nadu
Terdāl,Karnataka
Teonthar,Madhya Pradesh
Thenkasi,Tamil Nadu
Teni,Tamil Nadu
Thenali,Andhra Pradesh
Tellicherry,Kerala
Telhāra,Maharashtra
Tekkali,Andhra Pradesh
Tekkalakote,Karnataka
Tekāri,Bihar
Tehri,Uttarakhand
Teghra,Bihar
Tāsgaon,Maharashtra
Tarn Taran,Punjab
Tarikere,Karnataka
Tharangambadi,Tamil Nadu
Tārānagar,Rajasthan
Tarāna,Madhya Pradesh
Tāramangalam,Tamil Nadu
Tarakeswar,West Bengal
Tāoru,Haryana
Tanuku,Andhra Pradesh
Tandur,Telangana
Tānda,Uttar Pradesh
Tāndā,Uttar Pradesh
Tanakpur,Uttarakhand
Tammampatti,Tamil Nadu
Tamlūk,West Bengal
Tamenglong,Manipur
Tambaram,Tamil Nadu
Talwāra,Punjab
Talwandi Sābo,Punjab
Talwandi Bhai,Punjab
Taloda,Maharashtra
Taliparamba,Kerala
Tālīkota,Karnataka
Taleigao,Goa
Talegaon Dābhāde,Maharashtra
Tālcher,Odisha
Talakkād,Kerala
Talāja,Gujarat
Tāki,West Bengal
Takhatpur,Chhattisgarh
Takhatgarh,Rajasthan
Tājpur,Uttar Pradesh
Tadpatri,Andhra Pradesh
Tadepalligudem,Andhra Pradesh
Tādepalle,Andhra Pradesh
Sutrāpāra,Gujarat
Susner,Madhya Pradesh
Suriāpet,Telangana
Suriānwān,Uttar Pradesh
Surendranagar,Gujarat
Suratgarh,Rajasthan
Surat,Gujarat
Sūrandai,Tamil Nadu
Surajpur,Chhattisgarh
Sūrajgarh,Rajasthan
Supaul,Bihar
Sunel,Rajasthan
Sundarnagar,Himachal Pradesh
Sundergarh,Odisha
Sunām,Punjab
Sumbal,Jammu and Kashmir
Sullya,Karnataka
Sūlūru,Andhra Pradesh
Sulur,Tamil Nadu
Sultanpur,Punjab
Sultānpur,Uttar Pradesh
Suket,Rajasthan
Sūjāngarh,Rajasthan
Suār,Uttar Pradesh
Srivilliputhur,Tamil Nadu
Srīvardhan,Maharashtra
Srivaikuntam,Tamil Nadu
Srīsailain,Andhra Pradesh
Srīrāmnagar,Telangana
Srīperumbūdūr,Tamil Nadu
Srīnivāspur,Karnataka
Srinagar,Jammu and Kashmir
Srīnagar,Uttarakhand
Sri Mādhopur,Rajasthan
Karanpur,Rajasthan
Srikakulam,Andhra Pradesh
Sri Dūngargarh,Rajasthan
Soygaon,Maharashtra
Soron,Uttar Pradesh
Soro,Odisha
Sorada,Odisha
Sopur,Jammu and Kashmir
Sonkach,Madhya Pradesh
Sonīpat,Haryana
Songadh,Gujarat
Sonepur,Odisha
Sonpet,Maharashtra
Rajpur Sonarpur,West Bengal
Sonāri,Assam
Sonāmukhi,West Bengal
Sompeta,Andhra Pradesh
Someshwar,Karnataka
Solan,Himachal Pradesh
Sojītra,Gujarat
Sojat,Rajasthan
Sohna,Haryana
Sohāgpur,Madhya Pradesh
Siwāna,Rajasthan
Siwān,Bihar
Sivakasi,Tamil Nadu
Sivagiri,Tamil Nadu
Sivagiri,Tamil Nadu
Sivaganga,Tamil Nadu
Siuri,West Bengal
Sitārganj,Uttarakhand
Sītāpur,Uttar Pradesh
Sītāmarhi,Bihar
Siswā Bāzār,Uttar Pradesh
Sisauli,Uttar Pradesh
Sirūr,Maharashtra
Sirumugai,Tamil Nadu
Siruguppa,Karnataka
Sirsilla,Telangana
Sirsi,Uttar Pradesh
Sirsi,Karnataka
Sirsāganj,Uttar Pradesh
Sirsa,Haryana
Sironj,Madhya Pradesh
Sirohi,Rajasthan
Sir Muttra,Rajasthan
Sīrkāzhi,Tamil Nadu
Sirhind,Punjab
Sirālkoppa,Karnataka
Sīra,Karnataka
Sinnar,Maharashtra
Singur,West Bengal
Singarāyakonda,Andhra Pradesh
Singānallūr,Tamil Nadu
Sindkhed Raja,Maharashtra
Sindhnūr,Karnataka
Sindgi,Karnataka
Shimla,Himachal Pradesh
Simga,Chhattisgarh
Simdega,Jharkhand
Silvassa,Dadra and Nagar Haveli and Daman and Diu
Silvāni,Madhya Pradesh
Sillod,Maharashtra
Silchar,Assam
Silao,Bihar
Sīkar,Rajasthan
Sikandra Rao,Uttar Pradesh
Sikandarpur,Uttar Pradesh
Sikandarābād,Uttar Pradesh
Sikka,Gujarat
Sijua,Jharkhand
Sihorā,Madhya Pradesh
Sihor,Gujarat
Sidlaghatta,Karnataka
Sidhi,Madhya Pradesh
Sidhaulī,Uttar Pradesh
Siddipet,Telangana
Siddhapur,Gujarat
Sibsāgar,Assam
Shyamnagar,West Bengal
Shopian,Jammu and Kashmir
Shujālpur,Madhya Pradesh
Shrīrangapattana,Karnataka
Shrīrāmpur,West Bengal
Shrīgonda,Maharashtra
Shorāpur,Karnataka
Shōranūr,Kerala
Sholinghur,Tamil Nadu
Sholapur,Maharashtra
Shivpuri,Madhya Pradesh
Shīshgarh,Uttar Pradesh
Shirpur,Maharashtra
Shirhatti,Karnataka
Shirdi,Maharashtra
Shivamogga,Karnataka
Shillong,Meghalaya
Siliguri,West Bengal
Shikohābād,Uttar Pradesh
Shikārpūr,Uttar Pradesh
Shikaripura,Karnataka
Shiggaon,Karnataka
Shertallai,Kerala
Sherkot,Uttar Pradesh
Sherghāti,Bihar
Sheopur,Madhya Pradesh
Sheohar,Bihar
Sheoganj,Rajasthan
Shenkottai,Tamil Nadu
Shehera,Gujarat
Shegaon,Maharashtra
Shāntipur,West Bengal
Shamsābād,Uttar Pradesh
Shamsābād,Uttar Pradesh
Shāmli,Uttar Pradesh
Shāmgarh,Madhya Pradesh
Shājāpur,Madhya Pradesh
Sheikhpura,Bihar
Shāhpura,Rajasthan
Shāhpura,Rajasthan
Shāhpur,Uttar Pradesh
Shāhpur,Bihar
Shāhpur,Madhya Pradesh
Shāhpur,Karnataka
Shāhjānpur,Uttar Pradesh
Shāhi,Uttar Pradesh
Shāhgarh,Madhya Pradesh
Shāhganj,Uttar Pradesh
Shahdol,Madhya Pradesh
Shāhāda,Maharashtra
Shāhābād,Haryana
Shāhābād,Uttar Pradesh
Shāhābād,Uttar Pradesh
Shāhābād,Karnataka
Siwāni,Haryana
Settūr,Tamil Nadu
Serchhīp,Mizoram
Sedam,Karnataka
Seoni Mālwa,Madhya Pradesh
Seoni Chhapāra,Madhya Pradesh
Seoni,Madhya Pradesh
Seondha,Madhya Pradesh
Seohāra,Uttar Pradesh
Shendurjana,Maharashtra
Sendhwa,Madhya Pradesh
Sendamangalam,Tamil Nadu
Sehore,Madhya Pradesh
Secunderabad,Telangana
Sāyla,Gujarat
Sawai Madhopur,Rajasthan
Sāvli,Gujarat
Sāvda,Maharashtra
Savanūr,Karnataka
Sāvantvādi,Maharashtra
Sausar,Madhya Pradesh
Saundatti,Karnataka
Sathyamangalam,Tamil Nadu
Sattur,Tamil Nadu
Sattenapalle,Andhra Pradesh
Satna,Madhya Pradesh
Satara,Maharashtra
Satānā,Maharashtra
Sāsvad,Maharashtra
Sasarām,Bihar
Sawar,Rajasthan
Sarkhej,Gujarat
Sardulgarh,Punjab
Sardhana,Uttar Pradesh
Sardārshahr,Rajasthan
Sarauli,Uttar Pradesh
Sārangpur,Madhya Pradesh
Saraipali,Chhattisgarh
Sarāi Mīr,Uttar Pradesh
Sarāi Ākil,Uttar Pradesh
Saoner,Maharashtra
Sānwer,Madhya Pradesh
Sānkrāil,West Bengal
Sankeshwar,Karnataka
Sankarankovil,Tamil Nadu
Sangrūr,Punjab
Sāngola,Maharashtra
Sangod,Rajasthan
Sāngli,Maharashtra
Sangariā,Rajasthan
Sangāreddi,Telangana
Sangamner,Maharashtra
Sandūr,Karnataka
Sandīla,Uttar Pradesh
Sāndi,Uttar Pradesh
Sancoale,Goa
Sānchor,Rajasthan
Sanāwad,Madhya Pradesh
Sanaur,Punjab
Sānand,Gujarat
Samthar,Uttar Pradesh
Samrāla,Punjab
Sāmpla,Haryana
Samdari,Rajasthan
Sāmbūrvadakara,Tamil Nadu
Sāmbhar,Rajasthan
Sambhal,Uttar Pradesh
Sambalpur,Odisha
Sāmba,Jammu and Kashmir
Samāstipur,Bihar
Samāna,Punjab
Sāmalkot,Andhra Pradesh
Samālkha,Haryana
Samālka,Delhi
Sālūr,Andhra Pradesh
Sālūmbar,Rajasthan
Salem,Tamil Nadu
Salāya,Gujarat
Saktī,Chhattisgarh
Sakri,Maharashtra
Sakleshpur,Karnataka
Saint Thomas Mount,Tamil Nadu
Sainthia,West Bengal
Selu,Maharashtra
Saiha,Mizoram
Saidpur,Uttar Pradesh
Sāhibganj,Bihar
Sāhibganj,Jharkhand
Sahāwar,Uttar Pradesh
Sahaswān,Uttar Pradesh
Sahaspur,Uttar Pradesh
Saharsa,Bihar
Sahāranpur,Uttar Pradesh
Sāgwāra,Rajasthan
Sagauli,Bihar
Saugor,Madhya Pradesh
Sāgar,Karnataka
Safīpur,Uttar Pradesh
Safidon,Haryana
Sādri,Rajasthan
Sadasivpet,Telangana
Sadalgi,Karnataka
Sadābād,Uttar Pradesh
Sachīn,Gujarat
Sabalgarh,Madhya Pradesh
Rusera,Bihar
Rura,Uttar Pradesh
Ropar,Punjab
Rūdarpur,Uttar Pradesh
Roorkee,Uttarakhand
Ron,Karnataka
Rohtak,Haryana
Roha,Maharashtra
Robertsonpet,Karnataka
Robertsganj,Uttar Pradesh
Risod,Maharashtra
Rishra,West Bengal
Rishīkesh,Uttarakhand
Reengus,Rajasthan
Richha,Uttar Pradesh
Rewāri,Haryana
Rewa,Madhya Pradesh
Revelganj,Bihar
Repalle,Andhra Pradesh
Reoti,Uttar Pradesh
Renukūt,Uttar Pradesh
Renigunta,Andhra Pradesh
Remuna,Odisha
Rehli,Madhya Pradesh
Rāzām,Andhra Pradesh
Raybag,Karnataka
Rāyagada,Odisha
Rāyadrug,Andhra Pradesh
Rayachoti,Andhra Pradesh
Rāya,Uttar Pradesh
Raxaul,Bihar
Rāwatsār,Rajasthan
Rāwatbhāta,Rajasthan
Rāver,Maharashtra
Rourkela,Odisha
Rātu,Jharkhand
Ratnagiri,Maharashtra
Ratlām,Madhya Pradesh
Ratia,Haryana
Rāth,Uttar Pradesh
Ratanpur,Chhattisgarh
Ratangarh,Rajasthan
Rasrā,Uttar Pradesh
Rasipuram,Tamil Nadu
Rasapūdipalem,Andhra Pradesh
Rāpar,Gujarat
Rānpur,Gujarat
Rānīpur,Uttar Pradesh
Rānipet,Tamil Nadu
Rānikhet,Uttarakhand
Rānīganj,West Bengal
Ranebennur,Karnataka
Rānia,Haryana
Rangia,Assam
Rangāpāra,Assam
Ranchi,Jharkhand
Rānāvāv,Gujarat
Rānāghāt,West Bengal
Rāmtek,Maharashtra
Rampur Hat,West Bengal
Rāmpura,Punjab
Rāmpura,Madhya Pradesh
Rāmpur,Uttar Pradesh
Rāmpur,Uttar Pradesh
Rāmpur,Odisha
Rāmnagar,Uttarakhand
Rāmnagar,Bihar
Rāmnagar,Uttar Pradesh
Rāmjībanpur,West Bengal
Rāmgundam,Telangana
Rāmgarh,Rajasthan
Rāmgarh,Rajasthan
Rāmgarh,Jharkhand
Rāmganj Mandi,Rajasthan
Rameswaram,Tamil Nadu
Rāmdurg,Karnataka
Rāmāpuram,Andhra Pradesh
Ramanathapuram,Tamil Nadu
Closepet,Karnataka
Rāmachandrapuram,Andhra Pradesh
Rājūra,Maharashtra
Rājula,Gujarat
Rājsamand,Rajasthan
Rajpura,Punjab
Alirajpur,Madhya Pradesh
Rajpur,Madhya Pradesh
Rājpīpla,Gujarat
Rāj-Nāndgaon,Chhattisgarh
Rājmahal,Jharkhand
Rājkot,Gujarat
Rājgurunagar,Maharashtra
Rājgīr,Bihar
Rājgarh,Rajasthan
Rājgarh,Rajasthan
Rājgarh,Madhya Pradesh
Rājgarh,Madhya Pradesh
Rajaori,Jammu and Kashmir
Rajauli,Bihar
Rajapalayam,Tamil Nadu
Rāzampeta,Andhra Pradesh
Rājaldesar,Rajasthan
Rājākhera,Rajasthan
Rajamahendravaram,Andhra Pradesh
Rāisinghnagar,Rajasthan
Raisen,Madhya Pradesh
Rāipur,Uttarakhand
Raipur,Rajasthan
Raipur,Chhattisgarh
Rāikot,Punjab
Raigarh,Chhattisgarh
Rāiganj,West Bengal
Rāichūr,Karnataka
Rāhuri,Maharashtra
Rāhon,Punjab
Rahimatpur,Maharashtra
Rāhatgarh,Madhya Pradesh
Rahata,Maharashtra
Raghunathpur,West Bengal
Rāghogarh,Madhya Pradesh
Rafiganj,Bihar
Raebareli,Uttar Pradesh
Rādhanpur,Gujarat
Rabkavi,Karnataka
Kollam,Kerala
Koyilandy,Kerala
Kasba,Bihar
Qadian,Punjab
Puttūr,Andhra Pradesh
Puttūr,Karnataka
Pushkar,Rajasthan
Pusad,Maharashtra
Purwā,Uttar Pradesh
Purushottampur,Odisha
Puruliya,West Bengal
Purnia,Bihar
Pūrna,Maharashtra
Puri,Odisha
Pūranpur,Uttar Pradesh
Purāini,Bihar
Pupri,Bihar
Punjai Puliyampatti,Tamil Nadu
Punganūru,Andhra Pradesh
Pune,Maharashtra
Pūndri,Haryana
Punāsa,Madhya Pradesh
Punalūr,Kerala
Pūnāhāna,Haryana
Pulwama,Jammu and Kashmir
Puliyankudi,Tamil Nadu
Pulivendla,Andhra Pradesh
Pulgaon,Maharashtra
Pukhrāyān,Uttar Pradesh
Pugalūr,Tamil Nadu
Pudunagaram,Kerala
Pudukkottai,Tamil Nadu
Proddatūr,Andhra Pradesh
Pratāpgarh,Rajasthan
Pottanūr,Tamil Nadu
Port Blair,Andaman and Nicobar
Porsa,Madhya Pradesh
Porbandar,Gujarat
Poonamalle,Tamil Nadu
Ponnūru,Andhra Pradesh
Ponneri,Tamil Nadu
Ponnāni,Kerala
Puducherry,Puducherry
Ponda,Goa
Polūr,Tamil Nadu
Pollachi,Tamil Nadu
Polavaram,Andhra Pradesh
Polasara,Odisha
Pokaran,Rajasthan
Podili,Andhra Pradesh
Pithorāgarh,Uttarakhand
Pithāpuram,Andhra Pradesh
Pirthīpur,Madhya Pradesh
Piro,Bihar
Piriyāpatna,Karnataka
Piravam,Kerala
Pīpri,Maharashtra
Pipraich,Uttar Pradesh
Pipili,Odisha
Pipariā,Madhya Pradesh
Pīpār,Rajasthan
Pinjaur,Haryana
Pindwāra,Rajasthan
Pināhat,Uttar Pradesh
Pimpri,Maharashtra
Pilkhua,Uttar Pradesh
Pīlibhīt,Uttar Pradesh
Pilibangan,Rajasthan
Pīleru,Andhra Pradesh
Pilāni,Rajasthan
Pihānī,Uttar Pradesh
Pidugurālla,Andhra Pradesh
Pichor,Madhya Pradesh
Phulpur,Uttar Pradesh
Phulera,Rajasthan
Phulbāni,Odisha
Phirangipuram,Andhra Pradesh
Phillaur,Punjab
Phek,Manipur
Phaphūnd,Uttar Pradesh
Phaltan,Maharashtra
Phalodi,Rajasthan
Phalauda,Uttar Pradesh
Phagwāra,Punjab
Petlāwad,Madhya Pradesh
Petlād,Gujarat
Pethāpur,Gujarat
Perundurai,Tamil Nadu
Perumpāvūr,Kerala
Periyanayakkanpalaiyam,Tamil Nadu
Periyakulam,Tamil Nadu
Perintalmanna,Kerala
Peravurani,Tamil Nadu
Peranāmpattu,Tamil Nadu
Perambalur,Tamil Nadu
Penukonda,Andhra Pradesh
Penugonda,Andhra Pradesh
Pennāgaram,Tamil Nadu
Pennādam,Tamil Nadu
Pen,Maharashtra
Pehowa,Haryana
Peddāpuram,Andhra Pradesh
Peddapalli,Telangana
Peddanāyakkanpālaiyam,Tamil Nadu
Pedana,Andhra Pradesh
Payyanur,Kerala
Pawāyan,Uttar Pradesh
Pāvugada,Karnataka
Pauri,Uttarakhand
Pawni,Maharashtra
Pātūr,Maharashtra
Pattukkottai,Tamil Nadu
Pattiyūrgrāmam,Kerala
Patti,Punjab
Pattan,Jammu and Kashmir
Pattāmbi,Kerala
Patrātu,Jharkhand
Patnāgarh,Odisha
Patna,Bihar
Patiāla,Punjab
Pāthri,Maharashtra
Patharia,Madhya Pradesh
Pāthardih,Jharkhand
Pāthardi,Maharashtra
Pathānkot,Punjab
Pathanāmthitta,Kerala
Pathalgaon,Chhattisgarh
Pataudi,Haryana
Patancheru,Telangana
Pātan,Gujarat
Patāmundai,Odisha
Pāsighāt,Arunachal Pradesh
Pasān,Chhattisgarh
Parvatsar,Rajasthan
Pārvatipuram,Andhra Pradesh
Parūr,Kerala
Partūr,Maharashtra
Parola,Maharashtra
Parli Vaijnāth,Maharashtra
Pariyāpuram,Kerala
Parīchhatgarh,Uttar Pradesh
Pārdi,Gujarat
Parbhani,Maharashtra
Paravūr Tekkumbhāgam,Kerala
Pārassāla,Tamil Nadu
Parāsia,Madhya Pradesh
Paramagudi,Tamil Nadu
Paralakhemundi,Odisha
Parādīp Garh,Odisha
Pāppinisshēri,Kerala
Papanasam,Tamil Nadu
Pāonta Sāhib,Himachal Pradesh
Panvel,Maharashtra
Panth Pīplia,Madhya Pradesh
Panruti,Tamil Nadu
Panna,Madhya Pradesh
Ponmana,Kerala
Panipat,Haryana
Pānihāti,West Bengal
Pandua,West Bengal
Pāndhurnā,Madhya Pradesh
Pandharpur,Maharashtra
Pāndharkawada,Maharashtra
French Rocks,Karnataka
Pandaria,Chhattisgarh
Panjim,Goa
Pānakkudi,Tamil Nadu
Panāgar,Madhya Pradesh
Pāmūru,Andhra Pradesh
Pāmpur,Jammu and Kashmir
Pāmban,Tamil Nadu
Palwal,Haryana
Pāloncha,Telangana
Palani,Tamil Nadu
Palmaner,Andhra Pradesh
Pallippatti,Tamil Nadu
Pallikonda,Tamil Nadu
Pallāvaram,Tamil Nadu
Pallappatti,Tamil Nadu
Palladam,Tamil Nadu
Pālkonda,Andhra Pradesh
Pālitāna,Gujarat
Paliā Kalān,Uttar Pradesh
Pāli,Rajasthan
Pāli,Madhya Pradesh
Palakkad,Kerala
Pālghar,Maharashtra
Palera,Madhya Pradesh
Palāsa,Andhra Pradesh
Pālanpur,Gujarat
Palakollu,Andhra Pradesh
Pālakkodu,Tamil Nadu
Pakur,Jharkhand
Pākāla,Andhra Pradesh
Paithan,Maharashtra
Pahāsu,Uttar Pradesh
Padrauna,Uttar Pradesh
Padra,Gujarat
Padmapur,Odisha
Padmanābhapuram,Tamil Nadu
Pādiyanallūr,Tamil Nadu
Padampur,Rajasthan
Padampur,Odisha
Padam,Ladakh
Pachperwa,Uttar Pradesh
Pāchora,Maharashtra
Pachor,Madhya Pradesh
Ottapalam,Kerala
Dharashiv,Maharashtra
Orai,Uttar Pradesh
Ongole,Andhra Pradesh
Omalur,Tamil Nadu
Okha,Gujarat
Ozar,Maharashtra
Od,Gujarat
Obra,Uttar Pradesh
Nūzvīd,Andhra Pradesh
Nūrpur,Uttar Pradesh
Nūh,Haryana
Nowrangapur,Odisha
Nagaon,Assam
Nowgong,Madhya Pradesh
North Lakhimpur,Assam
North Guwāhāti,Assam
Nongstoin,Meghalaya
Nongpoh,Meghalaya
Nokha,Rajasthan
Nohar,Rajasthan
Noāmundi,Jharkhand
Nizāmābād,Telangana
Nīsang,Haryana
Nirmāli,Bihar
Nirmal,Telangana
Nipāni,Maharashtra
Neem ka Thana,Rajasthan
Nīmbāhera,Rajasthan
Nimāparha,Odisha
Nīmāj,Rajasthan
Nīlokheri,Haryana
Nīlēshwar,Kerala
Nilanga,Maharashtra
Nilambūr,Kerala
Nilakottai,Tamil Nadu
Nilagiri,Odisha
Nihtaur,Uttar Pradesh
Nidadavole,Andhra Pradesh
Nichlaul,Uttar Pradesh
Ngūr,Mizoram
Neyyāttinkara,Kerala
Neyveli,Tamil Nadu
New Delhi,Delhi
Neral,Maharashtra
Ner,Maharashtra
Nepānagar,Madhya Pradesh
Nellore,Andhra Pradesh
Nellimarla,Andhra Pradesh
Nellikkuppam,Tamil Nadu
Nelamangala,Karnataka
Nedumangād,Kerala
Nazareth,Tamil Nadu
Nāyudupet,Andhra Pradesh
Nayāgarh,Odisha
Nawanshahr,Punjab
Nawāpāra,Chhattisgarh
Nawalgarh,Rajasthan
Niwai,Rajasthan
Nawāda,Bihar
Nawābganj,Uttar Pradesh
Nawābganj,Uttar Pradesh
Nawābganj,Uttar Pradesh
Nāwa,Rajasthan
Navsari,Gujarat
Navāpur,Maharashtra
Navalgund,Karnataka
Navadwīp,West Bengal
Nautanwa,Uttar Pradesh
Naugachhia,Bihar
Naubatpur,Bihar
Natham,Tamil Nadu
Nāthdwāra,Rajasthan
Nāteputa,Maharashtra
Nasrullāhganj,Madhya Pradesh
Nāsriganj,Bihar
Nāspur,Telangana
Nasīrābād,Rajasthan
Nashik,Maharashtra
Narwar,Madhya Pradesh
Narwāna,Haryana
Narsīpatnam,Andhra Pradesh
Narsinghgarh,Madhya Pradesh
Narsimhapur,Madhya Pradesh
Narsampet,Telangana
Naroli,Dadra and Nagar Haveli and Daman and Diu
Nārnaund,Haryana
Narnaul,Haryana
Narkher,Maharashtra
Narkatiāganj,Bihar
Nargund,Karnataka
Narela,Delhi
Naregal,Karnataka
Nārāyanpet,Telangana
Nārāyankher,Telangana
Naraingarh,Haryana
Nāravārikuppam,Tamil Nadu
Naraura,Uttar Pradesh
Narauli,Uttar Pradesh
Narasaraopet,Andhra Pradesh
Narasapur,Andhra Pradesh
Narasannapeta,Andhra Pradesh
Narakal,Kerala
Nārāinpur,Chhattisgarh
Naraini,Madhya Pradesh
Naraina,Rajasthan
Napāsar,Rajasthan
Nānpāra,Uttar Pradesh
Nanjangūd,Karnataka
Nāngloi Jāt,Delhi
Nangal,Punjab
Nandyāl,Andhra Pradesh
Nandurbar,Maharashtra
Nāndūra,Maharashtra
Nandikotkūr,Andhra Pradesh
Nandigāma,Andhra Pradesh
Nāndgaon,Maharashtra
Nanded,Maharashtra
Nanauta,Uttar Pradesh
Nāmrup,Assam
Nambiyūr,Tamil Nadu
Nāmakkal,Tamil Nadu
Nāmagiripettai,Tamil Nadu
Nal Khera,Madhya Pradesh
Nalhāti,West Bengal
Nalgonda,Telangana
Naldurg,Maharashtra
Nalbāri,Assam
Nakūr,Uttar Pradesh
Naksalbāri,West Bengal
Nakrekal,Telangana
Nakodar,Punjab
Najībābād,Uttar Pradesh
Najafgarh,Delhi
Nainwa,Rajasthan
Nainpur,Madhya Pradesh
Naini Tāl,Uttarakhand
Naihāti,West Bengal
Nahorkatiya,Assam
Nāhan,Himachal Pradesh
Nagpur,Maharashtra
Nāgod,Madhya Pradesh
Nagīna,Uttar Pradesh
Nāgercoil,Tamil Nadu
Nagda,Madhya Pradesh
Nāgaur,Rajasthan
Nāgar Karnūl,Telangana
Nagari,Andhra Pradesh
Nagar,Rajasthan
Nagapattinam,Tamil Nadu
Nāgamangala,Karnataka
Nagalapuram,Andhra Pradesh
Naduvannūr,Kerala
Nadiād,Gujarat
Nādbai,Rajasthan
Nādāpuram,Kerala
Nabīnagar,Bihar
Nābha,Punjab
Mysuru,Karnataka
Muzaffarpur,Bihar
Muzaffarnagar,Uttar Pradesh
Mūvattupula,Kerala
Muthupet,Tamil Nadu
Mussoorie,Uttarakhand
Musiri,Tamil Nadu
Mushābani,Jharkhand
Murwāra,Madhya Pradesh
Murtajāpur,Maharashtra
Murshidābād,West Bengal
Murlīganj,Bihar
Morinda,Punjab
Murbād,Maharashtra
Murādnagar,Uttar Pradesh
Munnar,Kerala
Munger,Bihar
Mungeli,Chhattisgarh
Mungaoli,Madhya Pradesh
Mūndwa,Rajasthan
Mundra,Gujarat
Mundgod,Karnataka
Mundargi,Karnataka
Multai,Madhya Pradesh
Mūlki,Karnataka
Mulgund,Karnataka
Mulbāgal,Karnataka
Muluppilagadu,Kerala
Mūlanūr,Tamil Nadu
Mūl,Maharashtra
Muktsar,Punjab
Mukher,Maharashtra
Mukeriān,Punjab
Muhammadābād,Uttar Pradesh
Muhammadābād,Uttar Pradesh
Muhammadābād,Uttar Pradesh
Mughal Sarāi,Uttar Pradesh
Mudkhed,Maharashtra
Mudhol,Karnataka
Mudgal,Karnataka
Muddebihāl,Karnataka
Mūdbidri,Karnataka
Mubarakpur,Uttar Pradesh
Mothīhāri,Bihar
Morwa,Gujarat
Morsi,Maharashtra
Morena,Madhya Pradesh
Morvi,Gujarat
Morār,Madhya Pradesh
Moram,Maharashtra
Morādābād,Uttar Pradesh
Mon,Nagaland
Mokokchūng,Nagaland
Mokameh,Bihar
Moirāng,Manipur
Moga,Punjab
Modāsa,Gujarat
Misrikh,Uttar Pradesh
Mirzāpur,Uttar Pradesh
Miryalaguda,Telangana
Mīrganj,Uttar Pradesh
Mīrānpur Katra,Uttar Pradesh
Mīrānpur,Uttar Pradesh
Mīnjūr,Tamil Nadu
Milak,Uttar Pradesh
Mihona,Madhya Pradesh
Mhow,Madhya Pradesh
Mhaswad,Maharashtra
Mettur,Tamil Nadu
Mettupalayam,Tamil Nadu
Merta,Rajasthan
Mennānyam,Kerala
Mendarda,Gujarat
Memāri,West Bengal
Melur,Tamil Nadu
Mehsi,Bihar
Mehndāwal,Uttar Pradesh
Mehkar,Maharashtra
Meerut,Uttar Pradesh
Medinīpur,West Bengal
Medchal,Telangana
Medak,Telangana
Mayiladuthurai,Tamil Nadu
Mayāng Imphāl,Manipur
Māyābandar,Andaman and Nicobar
Mawāna,Uttar Pradesh
Mavoor,Kerala
Māvelikara,Kerala
Maur,Punjab
Mauganj,Madhya Pradesh
Maudaha,Uttar Pradesh
Mau Aimma,Uttar Pradesh
Mau,Madhya Pradesh
Mau,Uttar Pradesh
Mattigiri,Tamil Nadu
Mattanur,Kerala
Mathura,Uttar Pradesh
Mātābhānga,West Bengal
Masaurhi Buzurg,Bihar
Mormugao,Goa
Mārkāpur,Andhra Pradesh
Mariāni,Assam
Mariāhu,Uttar Pradesh
Marhaura,Bihar
Margherita,Assam
Marakkanam,Tamil Nadu
Marayur,Kerala
Mārahra,Uttar Pradesh
Mapusa,Goa
Manwath,Maharashtra
Mānvi,Karnataka
Manthani,Telangana
Mānsa,Punjab
Mānsa,Gujarat
Manoharpur,Rajasthan
Mannargudi,Tamil Nadu
Mannārakkāt,Kerala
Manmād,Maharashtra
Mankāchar,Meghalaya
Majalgaon,Maharashtra
Manjhanpur,Uttar Pradesh
Manjeri,Kerala
Manipal,Karnataka
Mani Mājra,Haryana
Manihāri,Bihar
Maniar,Uttar Pradesh
Mangrūl Pīr,Maharashtra
Māngrol,Rajasthan
Māngrol,Gujarat
Manglaur,Uttarakhand
Mangalvedha,Maharashtra
Mangaluru,Karnataka
Mangaldai,Assam
Mangalagiri,Andhra Pradesh
Maner,Bihar
Mandya,Karnataka
Māndvi,Gujarat
Māndvi,Gujarat
Mandsaur,Madhya Pradesh
Mandlā,Madhya Pradesh
Mandi Dabwāli,Haryana
Mandi,Himachal Pradesh
Mandāwar,Uttar Pradesh
Mandāwa,Rajasthan
Mandapeta,Andhra Pradesh
Mandapam,Tamil Nadu
Māndalgarh,Rajasthan
Māndal,Rajasthan
Mancherial,Telangana
Manchar,Maharashtra
Manāwar,Madhya Pradesh
Mānāvadar,Gujarat
Manāsa,Madhya Pradesh
Manapparai,Tamil Nadu
Manamadurai,Tamil Nadu
Manali,Tamil Nadu
Mahabalipuram,Tamil Nadu
Mālvan,Maharashtra
Mālūr,Karnataka
Mālpura,Rajasthan
Malpe,Karnataka
Mallasamudram,Tamil Nadu
Malkāpur,Maharashtra
Malakanagiri,Odisha
Māliya,Gujarat
Malīhābād,Uttar Pradesh
Māler Kotla,Punjab
Malegaon,Maharashtra
Malavalli,Karnataka
Malout,Punjab
Malappuram,Kerala
Mukandgarh,Rajasthan
Mākum,Assam
Maksi,Madhya Pradesh
Makrāna,Rajasthan
Majhiāon Kalān,Jharkhand
Mairwa,Bihar
Mainpuri,Uttar Pradesh
Maināguri,West Bengal
Maihar,Madhya Pradesh
Mahwa,Rajasthan
Mahuva,Gujarat
Mahudha,Gujarat
Maholi,Uttar Pradesh
Mahobā,Uttar Pradesh
Mahmudābād,Uttar Pradesh
Mahīshādal,West Bengal
Mahgawān,Madhya Pradesh
Maheshwar,Madhya Pradesh
Mahesāna,Gujarat
Mahendragarh,Haryana
Mahemdāvād,Gujarat
Mahē,Kerala
Mahbūbnagar,Telangana
Mahbūbābād,Telangana
Mahāsamund,Chhattisgarh
Mahārāganj,Uttar Pradesh
Mahārājgani,Bihar
Maham,Haryana
Mahālingpur,Karnataka
Mahād,Maharashtra
Maghar,Uttar Pradesh
Māgadi,Karnataka
Madurāntakam,Tamil Nadu
Madurai,Tamil Nadu
Madukkūr,Tamil Nadu
Madukkarai,Tamil Nadu
Chennai,Tamil Nadu
Madikeri,Karnataka
Madhyamgram,West Bengal
Madhupur,Jharkhand
Madhugiri,Karnataka
Madhubani,Bihar
Madhuban,Bihar
Madhepura,Bihar
Madgaon,Goa
Maddūr,Karnataka
Madattukkulam,Tamil Nadu
Madanapalle,Andhra Pradesh
Machilīpatnam,Andhra Pradesh
Machhlīshahr,Uttar Pradesh
Māchhīwāra,Punjab
Mācherla,Andhra Pradesh
Lunglei,Mizoram
Lūnāvāda,Gujarat
Ludhiana,Punjab
Lucknow,Uttar Pradesh
Luckeesarai,Bihar
Losal,Rajasthan
Lormi,Chhattisgarh
Loni,Uttar Pradesh
Lonavla,Maharashtra
Lonar,Maharashtra
Lonand,Maharashtra
Lohārdagā,Jharkhand
Lohāra,Maharashtra
Lingsugūr,Karnataka
Limbdi,Gujarat
Leteri,Madhya Pradesh
Leh,Ladakh
Lawngtlai,Mizoram
Loha,Maharashtra
Lāwar Khās,Uttar Pradesh
Lauri,Madhya Pradesh
Laungowāl,Punjab
Latur,Maharashtra
Lāthi,Gujarat
Lātehār,Jharkhand
Lāsalgaon,Maharashtra
Lar,Uttar Pradesh
Lālsot,Rajasthan
Lālpur,Gujarat
Lalitpur,Uttar Pradesh
Lalgudi,Tamil Nadu
Lālgola,West Bengal
Lālganj,Uttar Pradesh
Lālganj,Bihar
Lakshmeshwar,Karnataka
Laksar,Uttarakhand
Lakhyabad,West Bengal
Lakhnādon,Madhya Pradesh
Lakhipur,Assam
Lakhīmpur,Uttar Pradesh
Lākheri,Rajasthan
Lāharpur,Uttar Pradesh
Lahār,Madhya Pradesh
Lādwa,Haryana
Lādnūn,Rajasthan
Laxmangarh,Rajasthan
Kuzhithurai,Tamil Nadu
Kuttuparamba,Kerala
Kuttippuram,Kerala
Koothanallur,Tamil Nadu
Kuttampuzha,Kerala
Kuthalam,Tamil Nadu
Kutiyāna,Gujarat
Kutiatodu,Kerala
Kushtagi,Karnataka
Kushālnagar,Karnataka
Kurnool,Andhra Pradesh
Kurinjippādi,Tamil Nadu
Kurduvādi,Maharashtra
Kurandvād,Maharashtra
Kūrāli,Punjab
Kuppam,Andhra Pradesh
Kunnamkulam,Kerala
Kunnamangalam,Kerala
Kunigal,Karnataka
Kundla,Gujarat
Kundgol,Karnataka
Kundarkhi,Uttar Pradesh
Kunda,Uttar Pradesh
Kumta,Karnataka
Kūmher,Rajasthan
Kumhāri,Chhattisgarh
Kumbhrāj,Madhya Pradesh
Kumbakonam,Tamil Nadu
Kulu,Himachal Pradesh
Kulti,West Bengal
Kulpahār,Uttar Pradesh
Kulittalai,Tamil Nadu
Kulgam,Jammu and Kashmir
Kulasegaram,Tamil Nadu
Kukshi,Madhya Pradesh
Kukatpally,Telangana
Kuju,Jharkhand
Kūdligi,Karnataka
Kudāl,Maharashtra
Kudachi,Karnataka
Kuchera,Rajasthan
Kuchāman,Rajasthan
Rairangpur,Odisha
Krishnarājpet,Karnataka
Krishnarājāsāgara,Karnataka
Krishnanagar,West Bengal
Krishnagiri,Tamil Nadu
Kozhikode,Kerala
Koynanagar,Maharashtra
Kovvūr,Andhra Pradesh
Kovūr,Andhra Pradesh
Kovilpatti,Tamil Nadu
Kottūru,Karnataka
Kōttayam,Kerala
Kottayam,Kerala
Kottārakara,Kerala
Kōttakkal,Kerala
Kottagūdem,Telangana
Kotputli,Rajasthan
Kotma,Madhya Pradesh
Kot Kapūra,Punjab
Kotharia,Gujarat
Kothakota,Telangana
Kotdwāra,Uttarakhand
Kotapārh,Chhattisgarh
Kotamangalam,Kerala
Kotagiri,Tamil Nadu
Kota,Rajasthan
Kotā,Chhattisgarh
Kosigi,Andhra Pradesh
Kosi,Uttar Pradesh
Kosamba,Gujarat
Korwai,Madhya Pradesh
Koregaon,Maharashtra
Koregaon,Maharashtra
Korba,Chhattisgarh
Koratla,Telangana
Koratagere,Karnataka
Koraput,Odisha
Koppal,Karnataka
Kopargaon,Maharashtra
Kopāganj,Uttar Pradesh
Konnūr,Karnataka
Konnagar,West Bengal
Kondotty,Kerala
Kondapalle,Andhra Pradesh
Kondagaon,Chhattisgarh
Konch,Uttar Pradesh
Konārka,Odisha
Kombai,Tamil Nadu
Kolasib,Mizoram
Kollegāl,Karnataka
Kolhāpur,Maharashtra
Kolāras,Madhya Pradesh
Kolār,Karnataka
Colachel,Tamil Nadu
Kokrajhar,Assam
Kohima,Nagaland
Koelwār,Bihar
Kodungallūr,Kerala
Kodoli,Maharashtra
Kodīnar,Gujarat
Kodarma,Jharkhand
Kodār,Telangana
Kodaikānāl,Tamil Nadu
Kuchinda,Odisha
Koch Bihār,West Bengal
Koāth,Bihar
Kizhake Chālakudi,Kerala
Kithor,Uttar Pradesh
Kishtwār,Jammu and Kashmir
Renwāl,Rajasthan
Kishangarh,Rajasthan
Kishanganj,Bihar
Kīratpur,Uttar Pradesh
Kiraoli,Uttar Pradesh
Ulundurpet,Tamil Nadu
Kinwat,Maharashtra
Kichha,Uttarakhand
Khūtār,Uttar Pradesh
Khusropur,Bihar
Khurja,Uttar Pradesh
Khordha,Odisha
Khurai,Madhya Pradesh
Khunti,Jharkhand
Khuldābād,Maharashtra
Khowai,Tripura
Khopoli,Maharashtra
Khirkiya,Madhya Pradesh
Khilchipur,Madhya Pradesh
Khetri,Rajasthan
Khetia,Maharashtra
Kheri,Uttar Pradesh
Kherālu,Gujarat
Khekra,Uttar Pradesh
Khedbrahma,Gujarat
Kheda,Gujarat
Khed,Maharashtra
Khātra,West Bengal
Khatīma,Uttarakhand
Khātegaon,Madhya Pradesh
Khatauli,Uttar Pradesh
Khārupatia,Assam
Kharsia,Chhattisgarh
Kharkhauda,Haryana
Kharhiāl,Odisha
Khargone,Madhya Pradesh
Khardah,West Bengal
Kharar,Punjab
Kharakvasla,Maharashtra
Kharagpur,Bihar
Kharagpur,West Bengal
Khāpa,Maharashtra
Khanna,Punjab
Khaniādhāna,Madhya Pradesh
Khandwa,Madhya Pradesh
Khandela,Rajasthan
Khānāpur,Karnataka
Khammam,Telangana
Khāmgaon,Maharashtra
Khambhāt,Gujarat
Khambhāliya,Gujarat
Khamaria,Madhya Pradesh
Khalīlābād,Uttar Pradesh
Khali Kachigam,Dadra and Nagar Haveli and Daman and Diu
Khalāri,Jharkhand
Khajuraho Group of Monuments,Madhya Pradesh
Khairāgarh,Uttar Pradesh
Khairāgarh,Chhattisgarh
Khairābād,Uttar Pradesh
Khair,Uttar Pradesh
Khagaul,Bihar
Khagaria,Bihar
Khadki,Maharashtra
Khada,Uttar Pradesh
Khāchrod,Madhya Pradesh
Kaithoon,Rajasthan
Kesinga,Odisha
Keshorai Pātan,Rajasthan
Keshod,Gujarat
Kesariyā,Bihar
Kerūr,Karnataka
Keonjhargarh,Odisha
Kendrāparha,Odisha
Kenda,West Bengal
Kemrī,Uttar Pradesh
Kekri,Rajasthan
Kayamkulam,Kerala
Kayalpattinam,Tamil Nadu
Kawardha,Chhattisgarh
Kāveripatnam,Tamil Nadu
Kāvali,Andhra Pradesh
Kattivākkam,Tamil Nadu
Kattanam,Kerala
Kātrās,Jharkhand
Kātpādi,Tamil Nadu
Kātoya,West Bengal
Kātol,Maharashtra
Katihar,Bihar
Kathua,Jammu and Kashmir
Kāthor,Gujarat
Kathlāl,Gujarat
Katghora,Chhattisgarh
Katangi,Madhya Pradesh
Katangi,Madhya Pradesh
Kasrāwad,Madhya Pradesh
Kāsībugga,Andhra Pradesh
Kashipur,Uttarakhand
Kāsganj,Uttar Pradesh
Kāsaragod,Kerala
Kasāra,Maharashtra
Chitrakoot Dham,Uttar Pradesh
Karwar,Karnataka
Karur,Tamil Nadu
Karungappalli,Kerala
Karumattampatti,Tamil Nadu
Kartārpur,Punjab
Kurseong,West Bengal
Karol Bāgh,Delhi
Karnāl,Haryana
Karmāla,Maharashtra
Kārkala,Karnataka
Karjat,Maharashtra
Kariapatti,Tamil Nadu
Karīmnagar,Telangana
Karīmganj,Assam
Karhal,Uttar Pradesh
Kargil,Ladakh
Karera,Madhya Pradesh
Kareli,Madhya Pradesh
Karauli,Rajasthan
Karanjiā,Odisha
Kāranja,Maharashtra
Karamsad,Gujarat
Kāramadai,Tamil Nadu
Kāraikkudi,Tamil Nadu
Kāraikāl,Puducherry
Karād,Maharashtra
Kapurthala Town,Punjab
Kāpren,Rajasthan
Kapasan,Rajasthan
Kapadvanj,Gujarat
Kānth,Uttar Pradesh
Kantai,Bihar
Kantābānji,Odisha
Kānt,Uttar Pradesh
Kanpur,Uttar Pradesh
Kannod,Madhya Pradesh
Kanniyākumāri,Tamil Nadu
Kannauj,Uttar Pradesh
Kanhangad,Kerala
Kannad,Maharashtra
Kānker,Chhattisgarh
Kānke,Jharkhand
Kankauli,Maharashtra
Kanigiri,Andhra Pradesh
Kangayam,Tamil Nadu
Kandukūr,Andhra Pradesh
Kāndla,Gujarat
Kāndi,West Bengal
Kāndhla,Uttar Pradesh
Kandahār,Maharashtra
Kanchipuram,Tamil Nadu
Kanakapura,Karnataka
Kāmthi,Maharashtra
Kampli,Karnataka
Cumbum,Tamil Nadu
Kāmārhāti,West Bengal
Kāmāreddi,Telangana
Kāman,Rajasthan
Kamalganj,Uttar Pradesh
Kāmākhyānagar,Odisha
Kalyani,West Bengal
Kalyān,Maharashtra
Kalwākurti,Telangana
Kalugumalai,Tamil Nadu
Kālpi,Uttar Pradesh
Kalpatta,Kerala
Kalol,Gujarat
Kālol,Gujarat
Kālna,West Bengal
Kalmeshwar,Maharashtra
Kallidaikurichi,Tamil Nadu
Kallakkurichchi,Tamil Nadu
Kālka,Himachal Pradesh
Kāliyāganj,West Bengal
Kālimpong,West Bengal
Kalghatgi,Karnataka
Kālāvad,Gujarat
Kālānwāli,Haryana
Kalānaur,Haryana
Kalamnūri,Maharashtra
Kalamb,Maharashtra
Kallam,Maharashtra
Kalakkādu,Tamil Nadu
Kalāyat,Haryana
Kakrāla,Uttar Pradesh
Kākori,Uttar Pradesh
Kākināda,Andhra Pradesh
Kakdwip,West Bengal
Kakching,Manipur
Kaithal,Haryana
Kairāna,Uttar Pradesh
Kaimori,Madhya Pradesh
Kaimganj,Uttar Pradesh
Kailāshahar,Tripura
Kailāras,Madhya Pradesh
Kaikalūr,Andhra Pradesh
Kaij,Maharashtra
Kāgal,Maharashtra
Kadūr,Karnataka
Kadod,Gujarat
Kadiri,Andhra Pradesh
Kadikkād,Kerala
Kadi,Gujarat
Kadayanallur,Tamil Nadu
Kānchrāpāra,West Bengal
Kachhwa,Uttar Pradesh
Kabrāi,Uttar Pradesh
Junnar,Maharashtra
Jūnāgarh,Chhattisgarh
Jūnāgadh,Gujarat
Jhumri Telaiya,Jharkhand
Jalandhar,Punjab
Shādīpur Julāna,Haryana
Jugsālai,Jharkhand
Jowai,Meghalaya
Jorhat,Assam
Jora,Madhya Pradesh
Jalārpet,Tamil Nadu
Jogipet,Telangana
Jogbani,Bihar
Jodiya Bandar,Gujarat
Jodhpur,Rajasthan
Jodhpur,Gujarat
Jintūr,Maharashtra
Jining,Arunachal Pradesh
Jīnd,Haryana
Jigani,Karnataka
Jhūsi,Uttar Pradesh
Jhunjhunūn,Rajasthan
Jhinjhāna,Uttar Pradesh
Jhīnjhak,Uttar Pradesh
Jharsuguda,Odisha
Jharia,Jharkhand
Jhārgrām,West Bengal
Jhānsi,Uttar Pradesh
Jhanjhārpur,Bihar
Jhālu,Uttar Pradesh
Jhālrapātan,Rajasthan
Jhālod,Gujarat
Jhalidā,West Bengal
Jhālāwār,Rajasthan
Jhajjar,Haryana
Jhajha,Bihar
Jhābua,Madhya Pradesh
Jewar,Uttar Pradesh
Jevargi,Karnataka
Jetpur,Gujarat
Jeypore,Odisha
Jainagar,Bihar
Jaynagar Majilpur,West Bengal
Jayamkondacholapuram,Tamil Nadu
Jāwad,Madhya Pradesh
Jaunpur,Uttar Pradesh
Jatāra,Madhya Pradesh
Jatani,Odisha
Jaswantnagar,Uttar Pradesh
Jaspur,Uttarakhand
Jasidih,Jharkhand
Jashpur Nagar,Chhattisgarh
Jasdan,Gujarat
Jarwal,Uttar Pradesh
Jaora,Madhya Pradesh
Jānsath,Uttar Pradesh
Jānjgīr,Chhattisgarh
Jangipur,West Bengal
Jangaon,Telangana
Jandiāla Gurū,Punjab
Jandiāla,Punjab
Jāmuria,West Bengal
Jāmul,Chhattisgarh
Jamūī,Bihar
Jāmtāra,Jharkhand
Jamshedpur,Jharkhand
Jāmner,Maharashtra
Jamnagar,Gujarat
Jammu,Jammu and Kashmir
Jammalamadugu,Andhra Pradesh
Jāmkhed,Maharashtra
Jamkhandi,Karnataka
Jambusar,Gujarat
Gogri Jamālpur,Bihar
Jamālpur,Bihar
Jāmai,Madhya Pradesh
Jāmadoba,Jharkhand
Jalpāiguri,West Bengal
Jalor,Rajasthan
Jālna,Maharashtra
Jalgaon Jamod,Maharashtra
Jalgaon,Maharashtra
Jaleshwar,Odisha
Jalesar,Uttar Pradesh
Jālaun,Uttar Pradesh
Jalālpur,Uttar Pradesh
Jalalpore,Gujarat
Jalālī,Uttar Pradesh
Jalālābād,Punjab
Jalālābad,Uttar Pradesh
Jalālābād,Uttar Pradesh
Jalakandapuram,Tamil Nadu
Jājpur,Odisha
Jaito,Punjab
Jaitāran,Rajasthan
Jaisingpur,Maharashtra
Jaisalmer,Rajasthan
Jais,Uttar Pradesh
Jaipur,Rajasthan
Jahāzpur,Rajasthan
Jahāngīrābād,Uttar Pradesh
Jahānābād,Bihar
Jagtiāl,Telangana
Jagraon,Punjab
Jaggayyapeta,Andhra Pradesh
Jagdīspur,Bihar
Jagdīshpur,Uttar Pradesh
Jagdalpur,Chhattisgarh
Jagatsinghapur,Odisha
Jagalūr,Karnataka
Jagādhri,Haryana
Jāfarābād,Gujarat
Jadcherla,Telangana
Jabalpur,Madhya Pradesh
Etmadpur,Uttar Pradesh
Itārsi,Madhya Pradesh
Itanagar,Arunachal Pradesh
Islāmpur,West Bengal
Islāmpur,Bihar
Islāmnagar,Uttar Pradesh
Irugūr,Tamil Nadu
Irinjālakuda,Kerala
Iringal,Kerala
Malda,West Bengal
Indri,Haryana
Indore,Madhya Pradesh
Indi,Karnataka
Indergarh,Uttar Pradesh
Indargarh,Madhya Pradesh
Indāpur,Maharashtra
Indāpur,Maharashtra
Imphal,Manipur
Ilkal,Karnataka
Ilaiyankudi,Tamil Nadu
Igatpuri,Maharashtra
Idar,Gujarat
Idappadi,Tamil Nadu
Ichhāwar,Madhya Pradesh
Ichchāpuram,Andhra Pradesh
Ichalkaranji,Maharashtra
Hyderabad,Telangana
Hadagalli,Karnataka
Hatti,Karnataka
Husainābād,Jharkhand
Hunsūr,Karnataka
Hungund,Karnataka
Hukeri,Karnataka
Hugli,West Bengal
Hubballi,Karnataka
Howli,Assam
Hosūr,Tamil Nadu
Hosapete,Karnataka
Hoskote,Karnataka
Hoshiārpur,Punjab
Narmadapuram,Madhya Pradesh
Hosadurga,Karnataka
Honnāli,Karnataka
Honnavar,Karnataka
Homnābād,Karnataka
Holenarasipura,Karnataka
Holalkere,Karnataka
Hojāi,Assam
Hodal,Haryana
Hisua,Bihar
Hisar,Haryana
Hiriyūr,Karnataka
Hirekerūr,Karnataka
Hīrākud,Odisha
Hinjilicut,Odisha
Hingoli,Maharashtra
Hinganghāt,Maharashtra
Hindupur,Andhra Pradesh
Hindoria,Madhya Pradesh
Hindaun,Rajasthan
Himatnagar,Gujarat
Hilsa,Bihar
Hazāribāgh,Jharkhand
Hāveri,Karnataka
Hatta,Madhya Pradesh
Hāt Piplia,Madhya Pradesh
Hāthras,Uttar Pradesh
Hastināpur,Uttar Pradesh
Hassan,Karnataka
Hāsimāra,West Bengal
Hasanpur,Uttar Pradesh
Harūr,Tamil Nadu
Harsūd,Madhya Pradesh
Harpanahalli,Karnataka
Harpālpur,Madhya Pradesh
Haripād,Kerala
Hārij,Gujarat
Harihar,Karnataka
Haridwar,Uttarakhand
Hardoī,Uttar Pradesh
Harda,Madhya Pradesh
Hāpur,Uttar Pradesh
Howrah,West Bengal
Hanumāngarh,Rajasthan
Hānsi,Haryana
Hāngal,Karnataka
Handiā,Uttar Pradesh
Hamīrpur,Himachal Pradesh
Hamīrpur,Uttar Pradesh
Halvad,Gujarat
Hālol,Gujarat
Haliyal,Karnataka
Hālīsahar,West Bengal
Haldwani,Uttarakhand
Haldaur,Uttar Pradesh
Hājo,Assam
Hājīpur,Bihar
Hailākāndi,Assam
Hāflong,Assam
Hadgāon,Maharashtra
Hābra,West Bengal
Gyānpur,Uttar Pradesh
Gwalior,Madhya Pradesh
Guskhara,West Bengal
Guruvāyūr,Kerala
Guru Har Sahāi,Punjab
Gursarāi,Uttar Pradesh
Gursahāiganj,Uttar Pradesh
Gurmatkāl,Karnataka
Gurugram,Haryana
Gurdaspur,Punjab
Gunupur,Odisha
Guntur,Andhra Pradesh
Guntakal,Andhra Pradesh
Gunnaur,Uttar Pradesh
Gundlupēt,Karnataka
Guna,Madhya Pradesh
Gummidipundi,Tamil Nadu
Gumlā,Jharkhand
Gumia,Jharkhand
Guledagudda,Karnataka
Kalaburagi,Karnataka
Gulāothi,Uttar Pradesh
Gulābpura,Rajasthan
Gūduvāncheri,Tamil Nadu
Gūdūr,Andhra Pradesh
Gudiyatham,Tamil Nadu
Gudivāda,Andhra Pradesh
Gudalur,Tamil Nadu
Gudalur,Tamil Nadu
Gubbi,Karnataka
Goyerkāta,West Bengal
Govardhan,Uttar Pradesh
Gotan,Rajasthan
Gormi,Madhya Pradesh
Gorantla,Andhra Pradesh
Gorakhpur,Haryana
Gorakhpur,Uttar Pradesh
Gorai,Maharashtra
Gobichettipalayam,Tamil Nadu
Gopālganj,Bihar
Gooty,Andhra Pradesh
Gondiā,Maharashtra
Gondal,Gujarat
Gondā City,Uttar Pradesh
Gomoh,Jharkhand
Gola Gokarannāth,Uttar Pradesh
Golāghāt,Assam
Gokavaram,Andhra Pradesh
Gokarna,Karnataka
Gokak,Karnataka
Gohāna,Haryana
Gohad,Madhya Pradesh
Godhra,Gujarat
Godda,Jharkhand
Gobindpur,Jharkhand
Gobārdānga,West Bengal
Goālpāra,Assam
Giridih,Jharkhand
Gingee,Tamil Nadu
Giddarbāha,Punjab
Giddalūr,Andhra Pradesh
Ghugus,Maharashtra
Ghoti Budrukh,Maharashtra
Ghosī,Uttar Pradesh
Ghogardīha,Bihar
Ghazīpur,Uttar Pradesh
Ghāziābād,Uttar Pradesh
Ghātsīla,Jharkhand
Ghātanji,Maharashtra
Ghātampur,Uttar Pradesh
Ghātāl,West Bengal
Gharaunda,Haryana
Gairtganj,Madhya Pradesh
Gevrai,Maharashtra
Gaya,Bihar
Gauripur,Assam
Gauribidanur,Karnataka
Gaurela,Chhattisgarh
Guwahati,Assam
Garhwa,Jharkhand
Garot,Madhya Pradesh
Gariadhar,Gujarat
Garhshankar,Punjab
Garhmuktesar,Uttar Pradesh
Garhchiroli,Maharashtra
Garhākota,Madhya Pradesh
Gannavaram,Andhra Pradesh
Gangtok,Sikkim
Gangolli,Karnataka
Gangoh,Uttar Pradesh
Gangavati,Karnataka
Gangārāmpur,West Bengal
Gangāpur,Rajasthan
Gangāpur,Rajasthan
Gangāpur,Maharashtra
Sri Ganganagar,Rajasthan
Gangākher,Maharashtra
Gandhinagar,Gujarat
Gāndhīdhām,Gujarat
Gandevi,Gujarat
Ganderbal,Jammu and Kashmir
Gajwel,Telangana
Gajraula,Uttar Pradesh
Gajendragarh,Karnataka
Gadwāl,Telangana
Gadhinglaj,Maharashtra
Gadhada,Gujarat
Gādarwāra,Madhya Pradesh
Gadag,Karnataka
Fort Gloster,West Bengal
Forbesganj,Bihar
Fīrozpur Jhirka,Haryana
Firozpur,Punjab
Fīrozābād,Uttar Pradesh
Ferokh,Kerala
Fazilka,Punjab
Fatwa,Bihar
Fatehpur Sīkri,Uttar Pradesh
Fatehpur,Rajasthan
Fatehpur,Uttar Pradesh
Fatehpur,Uttar Pradesh
Fatehgarh Chūriān,Punjab
Fatehganj West,Uttar Pradesh
Fatehābād,Haryana
Fatehābād,Uttar Pradesh
Farrukhnagar,Telangana
Farrukhābād,Uttar Pradesh
Farīdpur,Uttar Pradesh
Farīdkot,Punjab
Faridabad,Haryana
Farakka,West Bengal
Fālākāta,West Bengal
Faizpur,Maharashtra
Fyzābād,Uttar Pradesh
Ettumānūr,Kerala
Etāwah,Uttar Pradesh
Etah,Uttar Pradesh
Erraguntla,Andhra Pradesh
Erode,Tamil Nadu
Erāttupetta,Kerala
Erandol,Maharashtra
Emmiganūr,Andhra Pradesh
Eluru,Andhra Pradesh
Elūr,Kerala
Elumalai,Tamil Nadu
Ellenabad,Haryana
Elamanchili,Andhra Pradesh
Egra,West Bengal
Edappāl,Kerala
Dwārka,Gujarat
Durgapur,West Bengal
Durgāpur,Maharashtra
Durg,Chhattisgarh
Dūngarpur,Rajasthan
Ganj Dundwāra,Uttar Pradesh
Dumraon,Bihar
Dumra,Bihar
Dumka,Jharkhand
Dum Duma,Assam
Dam Dam,West Bengal
Duliajan,Assam
Dugda,Jharkhand
Dubrājpur,West Bengal
Dornakal,Telangana
Dorāha,Punjab
Dongargarh,Chhattisgarh
Dondaicha,Maharashtra
Domchānch,Jharkhand
Dombivali,Maharashtra
Doddaballapura,Karnataka
Doda,Jammu and Kashmir
Diu,Dadra and Nagar Haveli and Daman and Diu
Deesa,Gujarat
Dirba,Punjab
Diphu,Assam
Dīnhāta,West Bengal
Dindori,Madhya Pradesh
Dindigul,Tamil Nadu
Dīnānagar,Punjab
Dimāpur,Nagaland
Digras,Maharashtra
Deglur,Maharashtra
Diglipur,Andaman and Nicobar
Dighwāra,Bihar
Digboi,Assam
Dīg,Rajasthan
Dīdwāna,Rajasthan
Bicholim,Goa
Dibrugarh,Assam
Dibai,Uttar Pradesh
Diamond Harbour,West Bengal
Dhūri,Punjab
Dhupgāri,West Bengal
Dhuliān,West Bengal
Dhule,Maharashtra
Dhubri,Assam
Dhrol,Gujarat
Dhrāngadhra,Gujarat
Dhoraji,Gujarat
Dhone,Andhra Pradesh
Dholka,Gujarat
Dhing,Assam
Dhenkānāl,Odisha
Dhekiajuli,Assam
Dhaurahra,Uttar Pradesh
Dhaulpur,Rajasthan
Dhārūr,Maharashtra
Dhāruhera,Haryana
Dhārni,Madhya Pradesh
Dharamsala,Himachal Pradesh
Dharmkot,Punjab
Dharmavaram,Andhra Pradesh
Dharmapuri,Tamil Nadu
Dharmanagar,Tripura
Dharmadam,Kerala
Dharmābād,Maharashtra
Dhāriwāl,Punjab
Dhāri,Gujarat
Dhārāvi,Maharashtra
Dharapuram,Tamil Nadu
Dharangaon,Maharashtra
Dharampuri,Madhya Pradesh
Dharampur,Gujarat
Dhār,Madhya Pradesh
Dhanera,Gujarat
Dhandhuka,Gujarat
Dhanbad,Jharkhand
Dhanaura,Uttar Pradesh
Dhanaula,Punjab
Dhamtari,Chhattisgarh
Dhāmpur,Uttar Pradesh
Dhāmnod,Madhya Pradesh
Dhāka,Bihar
Dewas,Madhya Pradesh
Deoli,Rajasthan
Devgarh,Rajasthan
Devgadh Bāriya,Gujarat
Devarkonda,Telangana
Devanahalli,Karnataka
Devakottai,Tamil Nadu
Devadanapatti,Tamil Nadu
Deūlgaon Rāja,Maharashtra
Deshnoke,Rajasthan
Dergaon,Assam
Dera Māndi,Delhi
Depālpur,Madhya Pradesh
Deori Khās,Madhya Pradesh
Deoria,Uttar Pradesh
Deoraniān,Uttar Pradesh
Deoli,Maharashtra
Deolāli,Maharashtra
Deolali,Maharashtra
Deoghar,Jharkhand
Deogarh,Odisha
Deoband,Uttar Pradesh
Denkanikota,Tamil Nadu
Delhi Cantonment,Delhi
Delhi,Delhi
Dehradun,Uttarakhand
Davorlim,Goa
Davangere,Karnataka
Dausa,Rajasthan
Daund,Maharashtra
Daudnagar,Bihar
Dattāpur,Maharashtra
Datia,Madhya Pradesh
Dātāganj,Uttar Pradesh
Dasūya,Punjab
Dāsna,Uttar Pradesh
Daryāpur,Maharashtra
Dārwha,Maharashtra
Darsi,Andhra Pradesh
Dārjiling,West Bengal
Darbhanga,Bihar
Dāpoli,Maharashtra
Danta,Rajasthan
Dandeli,Karnataka
Dinapore,Bihar
Damoh,Madhya Pradesh
Dāmnagar,Gujarat
Daman,Dadra and Nagar Haveli and Daman and Diu
Medininagar,Jharkhand
Dalsingh Sarai,Bihar
Dalkola,West Bengal
Dākor,Gujarat
Dohad,Gujarat
Dahegām,Gujarat
Dāhānu,Maharashtra
Dādri,Uttar Pradesh
Dabwāli,Haryana
Dabra,Madhya Pradesh
Daboh,Madhya Pradesh
Dabhoi,Gujarat
Dabhel,Dadra and Nagar Haveli and Daman and Diu
Cuttack,Odisha
Curti,Goa
Curchorem,Goa
Cuncolim,Goa
Cumbum,Andhra Pradesh
Kadapa,Andhra Pradesh
Cuddalore,Tamil Nadu
Coonoor,Tamil Nadu
Kundapura,Karnataka
Colonelganj,Uttar Pradesh
Colgong,Bihar
Calangute,Goa
Coimbatore,Tamil Nadu
Kochi,Kerala
Clement Town,Uttarakhand
Chūru,Rajasthan
Churāchāndpur,Manipur
Chunār,Uttar Pradesh
Chotila,Gujarat
Chorwād,Gujarat
Chopda,Maharashtra
Sholavandan,Tamil Nadu
Chodavaram,Andhra Pradesh
Rampachodavaram,Andhra Pradesh
Chittūr,Kerala
Chittoor,Andhra Pradesh
Chittorgarh,Rajasthan
Chittaranjan,West Bengal
Chitradurga,Karnataka
Chitarpur,Jharkhand
Chītāpur,Karnataka
Chidawa,Rajasthan
Chīrāla,Andhra Pradesh
Chīpurupalle,Andhra Pradesh
Chiplūn,Maharashtra
Chintamani,Karnataka
Chinnūr,Telangana
Chinna Salem,Tamil Nadu
Chinnamanūr,Tamil Nadu
Chincholi,Karnataka
Chillupār,Uttar Pradesh
Chilakalūrupet,Andhra Pradesh
Chikodi,Karnataka
Chiknāyakanhalli,Karnataka
Chikmagalūr,Karnataka
Chikhli,Maharashtra
Chik Ballāpur,Karnataka
Chīka,Haryana
Chidambaram,Tamil Nadu
Chicholi,Maharashtra
Chhoti Sādri,Rajasthan
Chhota Udepur,Gujarat
Chhindwāra,Madhya Pradesh
Chhibrāmau,Uttar Pradesh
Chhatarpur,Delhi
Chhatarpur,Madhya Pradesh
Chhātāpur,Bihar
Chhāta,Uttar Pradesh
Chharra,Uttar Pradesh
Chhaprauli,Uttar Pradesh
Chāpra,Bihar
Chhāpar,Rajasthan
Chhanerā,Madhya Pradesh
Chhala,Gujarat
Chhabra,Rajasthan
Chettipālaiyam,Tamil Nadu
Chetput,Tamil Nadu
Chetput,Tamil Nadu
Cheranmahadevi,Tamil Nadu
Chennimalai,Tamil Nadu
Chengannūr,Kerala
Chengam,Tamil Nadu
Chengalpattu,Tamil Nadu
Chavara,Kerala
Chetwayi,Kerala
Chaumu,Rajasthan
Chaksu,Rajasthan
Chhatrapur,Odisha
Chatrā,Jharkhand
Chas,Jharkhand
Charthāwal,Uttar Pradesh
Charkhi Dādri,Haryana
Charkhāri,Uttar Pradesh
Chāpar,Assam
Channarāyapatna,Karnataka
Channapatna,Karnataka
Channagiri,Karnataka
Changanācheri,Kerala
Chāndor,Maharashtra
Chāndūr Bāzār,Maharashtra
Chāndūr,Maharashtra
Chāndur,Maharashtra
Chānda,Maharashtra
Chandrakona,West Bengal
Chāndpur,Uttar Pradesh
Chandigarh,Chandigarh
Chandia,Madhya Pradesh
Chanderi,Madhya Pradesh
Chanduasi,Uttar Pradesh
Chandauli,Uttar Pradesh
Chandannagar,West Bengal
Chānasma,Gujarat
Chamrajnagar,Karnataka
Chāmpa,Chhattisgarh
Chamba,Himachal Pradesh
Challapalle,Andhra Pradesh
Challakere,Karnataka
Chalisgaon,Maharashtra
Chalāla,Gujarat
Chākuliā,Jharkhand
Chakradharpur,Jharkhand
Chaklāsi,Gujarat
Chākia,Bihar
Chākan,Maharashtra
Chāībāsa,Jharkhand
Chāchaura,Madhya Pradesh
Canning,West Bengal
Kannur,Kerala
Kolkata,West Bengal
Byādgi,Karnataka
Buxar,Bihar
Burla,Odisha
Burhar,Madhya Pradesh
Burhānpur,Madhya Pradesh
Būndu,Jharkhand
Būndi,Rajasthan
Buldāna,Maharashtra
Bulandshahr,Uttar Pradesh
Buguda,Odisha
Budhlāda,Punjab
Budhāna,Uttar Pradesh
Budaun,Uttar Pradesh
Bramhapuri,Maharashtra
Brajarajnagar,Odisha
Brahmapur,Odisha
Botad,Gujarat
Borsad,Gujarat
Borivli,Maharashtra
Borāwar,Rajasthan
Bongaigaon,Assam
Mumbai,Maharashtra
Bolpur,West Bengal
Bokāro,Jharkhand
Bokajān,Assam
Boisar,Maharashtra
Bodināyakkanūr,Tamil Nadu
Bodh Gaya,Bihar
Bodhan,Telangana
Bobbili,Andhra Pradesh
Biswān,Uttar Pradesh
Bissāu,Rajasthan
Bishrāmpur,Jharkhand
Bishnupur,West Bengal
Bisauli,Uttar Pradesh
Bīsalpur,Uttar Pradesh
Bisālgarh,Tripura
Birūr,Karnataka
Bīrpur,Bihar
Birmitrapur,Odisha
Beed,Maharashtra
Binika,Odisha
Bindki,Uttar Pradesh
Etāwa,Madhya Pradesh
Bilthra,Uttar Pradesh
Bilsi,Uttar Pradesh
Bilsanda,Uttar Pradesh
Bilimora,Gujarat
Bilhaur,Uttar Pradesh
Bilgrām,Uttar Pradesh
Bilgi,Karnataka
Bīlāspur,Uttar Pradesh
Bilāspur,Chhattisgarh
Bilāsipāra,Assam
Bilāri,Uttar Pradesh
Bilāra,Rajasthan
Bikramganj,Bihar
Bikram,Bihar
Bikaner,Rajasthan
Bijnor,Uttar Pradesh
Bijbehara,Jammu and Kashmir
Bijāwar,Madhya Pradesh
Bījāpur,Chhattisgarh
Vijayapura,Karnataka
Bijaipur,Madhya Pradesh
Bijaynagar,Rajasthan
Bihtā,Bihar
Bihār Sharīf,Bihar
Bihārīganj,Bihar
Bidhūna,Uttar Pradesh
Bīdāsar,Rajasthan
Bidar,Karnataka
Biaora,Madhya Pradesh
Kīl Bhuvanagiri,Tamil Nadu
Boothapandi,Tamil Nadu
Bhusawal,Maharashtra
Bhundsi,Haryana
Bhoom,Maharashtra
Bhuj,Gujarat
Bhudgaon,Maharashtra
Bhubaneswar,Odisha
Bhuban,Odisha
Bhor,Maharashtra
Bhopal,Madhya Pradesh
Bhongīr,Telangana
Bhongaon,Uttar Pradesh
Bhokardan,Maharashtra
Bhokar,Maharashtra
Bhogpur,Punjab
Bhiwāni,Haryana
Bhiwandi,Maharashtra
Bhitarwār,Madhya Pradesh
Bhīnmāl,Rajasthan
Bhinga,Uttar Pradesh
Bhindār,Rajasthan
Bhind,Madhya Pradesh
Bhīmunipatnam,Andhra Pradesh
Bhimavaram,Andhra Pradesh
Bhilwara,Rajasthan
Bhiloda,Gujarat
Bhilai,Chhattisgarh
Bhikkiwind Uttār,Punjab
Bhīkhi,Punjab
Bhikangaon,Madhya Pradesh
Bhetia,Jharkhand
Bhelai,Chhattisgarh
Bhāyāvadar,Gujarat
Bhayandar,Maharashtra
Bhawānipatna,Odisha
Bhawānīgarh,Punjab
Bhawāni Mandi,Madhya Pradesh
Bhavnagar,Gujarat
Bhavāni,Tamil Nadu
Bhattiprolu,Andhra Pradesh
Bhātpāra,West Bengal
Bhatkal,Karnataka
Bathinda,Punjab
Bhātāpāra,Chhattisgarh
Bhusawar,Rajasthan
Bharwāri,Uttar Pradesh
Bharūch,Gujarat
Bharthana,Uttar Pradesh
Bharatpur,Rajasthan
Bhānvad,Gujarat
Bhānpurī,Chhattisgarh
Bhānpura,Madhya Pradesh
Bhanjanagar,Odisha
Bhānder,Madhya Pradesh
Bhandāra,Maharashtra
Bhālki,Karnataka
Bhaisa,Telangana
Bhainsdehi,Madhya Pradesh
Bhāgalpur,Bihar
Bhadreswar,West Bengal
Bhadrāvati,Karnataka
Bhadrak,Odisha
Bhadrāchalam,Telangana
Bhādra,Rajasthan
Bhadohi,Uttar Pradesh
Bhadgaon,Maharashtra
Bhadaur,Punjab
Bhādāsar,Rajasthan
Bhachāu,Gujarat
Bhabhua,Bihar
Bhābhar,Gujarat
Beypore,Kerala
Bewar,Uttar Pradesh
Betūl,Madhya Pradesh
Bettiah,Bihar
Betma,Madhya Pradesh
Betamcherla,Andhra Pradesh
Beri Khās,Haryana
Berasia,Madhya Pradesh
Beohāri,Madhya Pradesh
Bemetāra,Chhattisgarh
Belūr,Karnataka
Belsand,Bihar
Belonia,Tripura
Ballari,Karnataka
Belagavi,Karnataka
Beldānga,West Bengal
Bela,Uttar Pradesh
Behror,Rajasthan
Behat,Uttar Pradesh
Begusarai,Bihar
Begūn,Rajasthan
Begamganj,Madhya Pradesh
Bedi,Gujarat
Beāwar,Rajasthan
Bāzpur,Uttarakhand
Bayāna,Rajasthan
Bayad,Gujarat
Bawāni Khera,Haryana
Bawāna,Delhi
Bāwal,Haryana
Baud,Odisha
Batāla,Punjab
Baswa,Rajasthan
Bāsudebpur,Odisha
Bastī,Uttar Pradesh
Basoda,Madhya Pradesh
Basni,Rajasthan
Basmat,Maharashtra
Basirhat City,West Bengal
Basi,Punjab
Basi,Punjab
Basi,Rajasthan
Basavana Bāgevādi,Karnataka
Basavakalyan,Karnataka
Barwāni,Madhya Pradesh
Barwāla,Haryana
Barwāh,Madhya Pradesh
Bāruni,Bihar
Baruipur,West Bengal
Barshi,Maharashtra
Barpeta,Assam
Barpāli,Odisha
Baroda,Madhya Pradesh
Chhipa Barod,Rajasthan
Barnāla,Punjab
Barnagar,Madhya Pradesh
Bārmer,Rajasthan
Barki Saria,Jharkhand
Barkā Kānā,Jharkhand
Barjala,Tripura
Bari Sādri,Rajasthan
Baripāda,Odisha
Bāri,Rajasthan
Barhiya,Bihar
Bārh,Bihar
Bargūr,Tamil Nadu
Bargi,Madhya Pradesh
Bargarh,Odisha
Bareli,Madhya Pradesh
Bareja,Gujarat
Bareilly,Uttar Pradesh
Bārdoli,Gujarat
Barddhamān,West Bengal
Bar Bigha,Bihar
Baraut,Uttar Pradesh
Barauli,Bihar
Bārāsat,West Bengal
Baranagar,West Bengal
Bārān,Rajasthan
Bāramūla,Jammu and Kashmir
Bārāmati,Maharashtra
Bārākpur,West Bengal
Bāpatla,Andhra Pradesh
Bāonlī,Rajasthan
Bāola,Gujarat
Banūr,Punjab
Bantvāl,Karnataka
Bāntva,Gujarat
Bānswāra,Rajasthan
Bānswāda,Telangana
Bānsi,Uttar Pradesh
Bānsdīh,Uttar Pradesh
Bānsbāria,West Bengal
Bannūr,Karnataka
Banmankhi,Bihar
Bānkura,West Bengal
Bānki,Odisha
Bankāpur,Karnataka
Bānka,Bihar
Bāngarmau,Uttar Pradesh
Bangarapet,Karnataka
Bangaon,Bihar
Bangaon,West Bengal
Banganapalle,Andhra Pradesh
Bengaluru,Karnataka
Banga,Punjab
Bandipura,Jammu and Kashmir
Bāndīkūi,Rajasthan
Bānda,Uttar Pradesh
Banda,Madhya Pradesh
Banat,Uttar Pradesh
Bānapur,Odisha
Bāmor Kalān,Madhya Pradesh
Bāmaur,Madhya Pradesh
Balussheri,Kerala
Bālurghāt,West Bengal
Bālugaon,Odisha
Bālugān,Odisha
Balrāmpur,Uttar Pradesh
Balotra,Rajasthan
Baloda Bāzār,Chhattisgarh
Balod,Chhattisgarh
Bāli,West Bengal
Ballia,Bihar
Ballarpur,Maharashtra
Baliguda,Odisha
Bāli,Rajasthan
Balasore,Odisha
Balarāmpur,West Bengal
Bālāpur,Maharashtra
Balāngīr,Odisha
Bālāghāt,Madhya Pradesh
Bālāchor,Punjab
Bakhtiyārpur,Bihar
Bakhri,Bihar
Budge Budge,West Bengal
Viratnagar,Rajasthan
Bairāgnia,Bihar
Byndoor,Karnataka
Bail-Hongal,Karnataka
Baikunthpur,Chhattisgarh
Baihar,Madhya Pradesh
Baidyabāti,West Bengal
Bahraigh,Uttar Pradesh
Bahjoi,Uttar Pradesh
Baheri,Uttar Pradesh
Baharampur,West Bengal
Bahadurgarh,Haryana
Bahādurganj,Bihar
Bāh,Uttar Pradesh
Bagulā,West Bengal
Bāghpat,Uttar Pradesh
Bagdogra,West Bengal
Bagha Purana,Punjab
Bāgepalli,Karnataka
Bāgbahra,Chhattisgarh
Bagasra,Gujarat
Bagar,Rajasthan
Bagalkot,Karnataka
Bagaha,Bihar
Bagaha,Bihar
Badvel,Andhra Pradesh
Badūria,West Bengal
Bādshāhpur,Haryana
Badnāwar,Madhya Pradesh
Badlapur,Maharashtra
Badgām,Jammu and Kashmir
Bādāmi,Karnataka
Badagara,Kerala
Bada Barabīl,Odisha
Bachhraon,Uttar Pradesh
Babrāla,Uttar Pradesh
Bābra,Gujarat
Babīna,Uttar Pradesh
Baberu,Uttar Pradesh
Bābai,Madhya Pradesh
Azamgarh,Uttar Pradesh
Ayyampettāi,Tamil Nadu
Ayodhya,Uttar Pradesh
Ayakudi,Tamil Nadu
Avanigadda,Andhra Pradesh
Avinashi,Tamil Nadu
Avadi,Tamil Nadu
Ausa,Maharashtra
Aurangābād,Bihar
Aurangabad,Maharashtra
Auraiya,Uttar Pradesh
Aurād,Karnataka
Attur,Tamil Nadu
Attingal,Kerala
Attili,Andhra Pradesh
Attibele,Karnataka
Atraulī,Uttar Pradesh
Atmakūr,Andhra Pradesh
Adirampattinam,Tamil Nadu
Athani,Karnataka
Āthagarh,Odisha
Atarra,Uttar Pradesh
Āsind,Rajasthan
Āsika,Odisha
Asifābād,Telangana
Ashta,Madhya Pradesh
Ashta,Maharashtra
Ashoknagar,Madhya Pradesh
Āsansol,West Bengal
Āsandh,Haryana
Arwal,Bihar
Ārvi,Maharashtra
Aruppukkottai,Tamil Nadu
Arumuganeri,Tamil Nadu
Arukutti,Kerala
Arsikere,Karnataka
Āron,Madhya Pradesh
Arkalgūd,Karnataka
Ariyalūr,Tamil Nadu
Arcot,Tamil Nadu
Arāria,Bihar
Arantāngi,Tamil Nadu
Arni,Tamil Nadu
Ārangaon,Maharashtra
Arang,Chhattisgarh
Aramboli,Tamil Nadu
Arāmbāgh,West Bengal
Arakkonam,Tamil Nadu
Arrah,Bihar
Aonla,Uttar Pradesh
Anūpshahr,Uttar Pradesh
Anūppur,Madhya Pradesh
Anūpgarh,Rajasthan
Anta,Rajasthan
Anshing,Maharashtra
Annur,Tamil Nadu
Annigeri,Karnataka
Annāmalainagar,Tamil Nadu
Ankola,Karnataka
Ankleshwar,Gujarat
Anjār,Gujarat
Anjangaon,Maharashtra
Anjad,Madhya Pradesh
Angul,Odisha
Angamāli,Kerala
Anekal,Karnataka
Andol,Telangana
Anthiyur,Tamil Nadu
Āndippatti,Tamil Nadu
Anantnag,Jammu and Kashmir
Anantapur,Andhra Pradesh
Anandpur,Punjab
Anandpur,Odisha
Anand,Gujarat
Anakapalle,Andhra Pradesh
Anaimalai,Tamil Nadu
Āmūr,Telangana
Amudālavalasa,Andhra Pradesh
Āmta,West Bengal
Amroli,Gujarat
Amroha,Uttar Pradesh
Amritsar,Punjab
Amreli,Gujarat
Amravati,Maharashtra
Amod,Gujarat
Āmli,Dadra and Nagar Haveli and Daman and Diu
Āmlāgora,West Bengal
Amla,Madhya Pradesh
Amīngarh,Karnataka
Amet,Rajasthan
Ambur,Tamil Nadu
Ambikāpur,Chhattisgarh
Ambattur,Tamil Nadu
Ambasamudram,Tamil Nadu
Āmbāsa,Tripura
Ambāla,Haryana
Ambājogāi,Maharashtra
Ambāh,Madhya Pradesh
Ambad,Maharashtra
Amarpur,Bihar
Amarpātan,Madhya Pradesh
Ambarnath,Maharashtra
Amalner,Maharashtra
Amalāpuram,Andhra Pradesh
Alwaye,Kerala
Alwar,Rajasthan
Alot,Madhya Pradesh
Along,Arunachal Pradesh
Alnāvar,Karnataka
Almora,Uttarakhand
Allinagaram,Tamil Nadu
Alappuzha,Kerala
Prayagraj,Uttar Pradesh
Alīpur Duār,West Bengal
Alīpur,Delhi
Alīgarh,Uttar Pradesh
Alīganj,Uttar Pradesh
Alībāg,Maharashtra
Alattūr,Kerala
Ālangulam,Tamil Nadu
Alangāyam,Tamil Nadu
Alandur,Tamil Nadu
Alandi,Maharashtra
Aland,Karnataka
Akot,Maharashtra
Akola,Maharashtra
Aklūj,Maharashtra
Aklera,Rajasthan
Akivīdu,Andhra Pradesh
Akhnūr,Jammu and Kashmir
Akbarpur,Uttar Pradesh
Akbarpur,Uttar Pradesh
Akaltara,Chhattisgarh
Akalkot,Maharashtra
Ajara,Maharashtra
Ajnāla,Punjab
Ajmer,Rajasthan
Ajaigarh,Madhya Pradesh
Aizawl,Mizoram
Ahwa,Gujarat
Ahraura,Uttar Pradesh
Ahor,Rajasthan
Ahmadpur,Maharashtra
Ahilyanagar,Maharashtra
Ahmedabad,Gujarat
Agra,Uttar Pradesh
Agartala,Tripura
Agar,Madhya Pradesh
Afzalpur,Karnataka
Afzalgarh,Uttar Pradesh
Adūr,Kerala
Adra,West Bengal
Adoni,Andhra Pradesh
Ādilābād,Telangana
Addanki,Andhra Pradesh
Achhnera,Uttar Pradesh
Achhībal,Jammu and Kashmir
Achalpur,Maharashtra
Ābu Road,Rajasthan
Ābu,Rajasthan
Abohar,Punjab
Abhayāpuri,Assam
Dalli Rājhara,Chhattisgarh
Contai,West Bengal
Haldia,West Bengal
Srirāmpur,West Bengal
Dumjor,West Bengal
Bankra,West Bengal
Chakapara,West Bengal
Mahiari,West Bengal
Dhulagari,West Bengal
Pānchla,West Bengal
Pujali,West Bengal
Maheshtala,West Bengal
Monoharpur,West Bengal
Badāmibāgh,Jammu and Kashmir
Soyībug,Jammu and Kashmir
Brāhmanān di Bāri,Jammu and Kashmir
Kheri Nāngal,Haryana
Jharoda Kalān,Delhi
Roshanpura,Delhi
Dīndārpur,Delhi
Singāpur,Telangana
Nāgāvaram,Telangana
Jilādiguda,Telangana
Yamjāl,Telangana
Ghatkesar,Telangana
Kompalli,Telangana
Vijayapura,Karnataka
Adampur,Punjab
Mullānwāla,Punjab
Chanaje,Maharashtra
Madhavaram,Tamil Nadu
Maduraivayal,Tamil Nadu
Porur,Tamil Nadu
Mugalivakkam,Tamil Nadu
Virugambakkam,Tamil Nadu
Madipakkam,Tamil Nadu
Ullagaram,Tamil Nadu
Perungudi,Tamil Nadu
Kotivakkam,Tamil Nadu
Rajakilpakkam,Tamil Nadu
Meddappakkam,Tamil Nadu
Kullattūr,Tamil Nadu
Kavanur,Tamil Nadu
Kallamchavadi,Tamil Nadu
Unamaucheri,Tamil Nadu
Perunkalattu,Tamil Nadu
Madambakkam,Tamil Nadu
Nalambūr,Tamil Nadu
Nerkunram,Tamil Nadu
Kaikalapettai,Tamil Nadu
Vīrarāghavapuram,Tamil Nadu
Reddipālaiyam,Tamil Nadu
Vengattūr,Tamil Nadu
Tirumeshi,Tamil Nadu
Powai,Maharashtra
Navi Mumbai,Maharashtra
Chockli,Kerala
Panoor,Kerala
Panchkula,Haryana
Sholinganallur,Tamil Nadu
koppana Agrahara,Karnataka
Hebbagodi,Karnataka
Bommasandra Industrial Area,Karnataka
Murudeshwara,Karnataka
Shivaji Nagar,Maharashtra
Greater Noida,Uttar Pradesh
Zerakpur,Punjab
Bīna,Madhya Pradesh
Mohali,Punjab
Pithampur,Madhya Pradesh
Barbil,Odisha
Airoli,Maharashtra
Aluva,Kerala
Kotkapura,Punjab
Muvattupuzha,Kerala
Perumbavoor,Kerala
Vapi,Gujarat
Baddi,Himachal Pradesh
Noida,Uttar Pradesh
Bhiwadi,Rajasthan
Mandideep,Madhya Pradesh
Singrauli,Madhya Pradesh
Birpara,West Bengal
Jaigaon,West Bengal
Akkarampalle,Andhra Pradesh
Bellampalli,Telangana
Chemmumiahpet,Andhra Pradesh
Gaddi Annaram,Telangana
Dasnapur,Telangana
Kanuru,Andhra Pradesh
Lal Bahadur Nagar,Telangana
Madhira,Telangana
Malkajgiri,Telangana
Mandamarri,Telangana
Chinnachowk,Andhra Pradesh
Kyathampalle,Telangana
Gajuwaka,Andhra Pradesh
Katheru,Andhra Pradesh
Metpalle,Telangana
Manuguru,Telangana
Kalyandurg,Andhra Pradesh
Payakaraopeta,Andhra Pradesh
Ponnur,Andhra Pradesh
Quthbullapur,Telangana
Ramanayyapeta,Andhra Pradesh
Palwancha,Telangana
Barpeta Road,Assam
Sathupalli,Telangana
Yanamalakuduru,Andhra Pradesh
Morigaon,Assam
Naharlagun,Arunachal Pradesh
Serilingampalle,Telangana
Silapathar,Assam
Lumding Railway Colony,Assam
Aistala,West Bengal
Ashoknagar Kalyangarh,West Bengal
Bahula,West Bengal
Thanneermukkom,Kerala
Aymanam,Kerala
Bhawanipur,Bihar
Bakhtiarpur,Bihar
Pimpri-Chinchwad,Maharashtra
Zira,Punjab
Longowal,Punjab
Adampur,Haryana
Shamshabad,Telangana
Thottada,Kerala
Williamnagar,Meghalaya
Nongthymmai,Meghalaya
Kumbalangy,Kerala
Devadurga,Karnataka
Patran,Punjab
Kharghar,Maharashtra
Chendamangalam,Kerala
Singampunari,Tamil Nadu
Mannachanallur,Tamil Nadu
Thuraiyur,Tamil Nadu
Pallipalayam,Tamil Nadu
Kumarapalayam,Tamil Nadu
Parangipettai,Tamil Nadu
Virudhachalam,Tamil Nadu
Kattumannarkoil,Tamil Nadu
Oddanchathiram,Tamil Nadu
Udaipurwati,Rajasthan
Sumerpur,Rajasthan
Karingal,Tamil Nadu
Arumanai,Tamil Nadu
Kottur,Tamil Nadu
Sankagiri,Tamil Nadu
Electronic City Phase I,Karnataka
Ramagundam,Telangana
Shella,Meghalaya
Hanumana,Madhya Pradesh
Mirganj,Bihar
Sultānganj,Bihar
Bagru,Rajasthan
Nimach,Rajasthan
Kamatgi,Maharashtra
Azhikkōd,Kerala
Kamalāpuram,Karnataka
Nannambra,Kerala
Vellalūr,Tamil Nadu
Thimiri,Tamil Nadu
Tādikombu,Tamil Nadu
Mechcheri,Tamil Nadu
Vāniyamkulam,Kerala
Mehidpur,Madhya Pradesh
Khoni,Maharashtra
Karjan,Gujarat
Cherpulassery,Kerala
Biswanath Chariali,Assam
Jalandhar Cantonment,Punjab
Kagaznāgār,Telangana
Prāntij,Gujarat
Kirandul,Chhattisgarh
Nedumbassery,Kerala
Ganaur,Haryana
Thoothukudi,Tamil Nadu
Shiraguppi,Maharashtra
Gadag-Betageri,Karnataka
Rabkavi-Banhatti,Karnataka
Rudrapur,Uttarakhand
Bada Malhera,Madhya Pradesh
Laitumkhrah,Meghalaya
Kurwai,Madhya Pradesh
Jirapur,Madhya Pradesh
Budhni,Madhya Pradesh
Badi,Madhya Pradesh
Areraj,Bihar
Sunabeda,Odisha
Rajgangpur,Odisha
Lateri,Madhya Pradesh
V.S.K.Valasai (Dindigul-Dist.),Tamil Nadu
Dhamanagar,Odisha
Barbigha,Bihar
Joda,Odisha
Kadodara,Gujarat
Thodupuzha,Kerala
Maithon,Jharkhand
Neelankarai,Tamil Nadu
Injambakkam,Tamil Nadu
Palavakkam,Tamil Nadu
Srikalahasti,Andhra Pradesh
Nambol,Manipur
Shahbazpur,Bihar
Heli Mandi,Haryana
Mānesar,Haryana
Pammal,Tamil Nadu
Anakaputhur,Tamil Nadu
Valasaravakkam,Tamil Nadu
Maduravoyal,Tamil Nadu
Meenambakkam,Tamil Nadu
Pallikaranai,Tamil Nadu
Ganguwa,Haryana
Gulgam,Jammu and Kashmir
Kopawor,Jammu and Kashmir
Barāra,Haryana
Khairtal,Rajasthan
Kansāpur,Haryana
Sisauli,Haryana
Kherli,Rajasthan
Asāra,Uttar Pradesh
Sārni,Madhya Pradesh
Chāndāmeta,Madhya Pradesh
Wānādongri,Maharashtra
Nildoh,Maharashtra
Vadgaon,Maharashtra
Umarsera,Maharashtra
Belpahar,Odisha
Bhauri,Rajasthan
Mahna,Punjab
Rāman,Punjab
Bhuwāna,Rajasthan
Sātalkheri,Rajasthan
Tapa,Punjab
Mūllānpur,Punjab
Pehlādpur Bāngar,Delhi
Siraspur,Delhi
Kundli,Haryana
Kādīpur,Delhi
Libāspur,Delhi
Burāri,Delhi
Gil,Punjab
Sānehwāl,Punjab
Karāla,Delhi
Auhammadpur Mājri,Delhi
Rāni Khera,Delhi
Begampur,Delhi
Pūth Kalān,Delhi
Kamaruddinnagar,Delhi
Mūndka,Delhi
Bakarwāla,Delhi
Nilithi,Delhi
Bāprola,Delhi
Hashtsāl,Delhi
Rijokri,Delhi
Kāpas Herd,Delhi
Malakpur Kohi Rangpur,Delhi
Kirāri Sulemānnagar,Delhi
Sāhibābād Daulotpur,Delhi
Mukandpur,Delhi
Bhālswa Jahangirpur,Delhi
Murādābād Pahāri,Delhi
Deoli,Delhi
Tighri,Delhi
Saiyad-ul-ajaib,Delhi
Sādatpur Gujran,Delhi
Jharoda Mazra Burāri,Delhi
Karāwalnagar,Delhi
Mustafābād,Delhi
Jīwanpur,Uttar Pradesh
Gokalpur,Delhi
Mandoli,Delhi
Bābarpur,Delhi
Jāfarābād,Delhi
Chilla Soroda Bāngar,Delhi
Dalūpura,Delhi
Ali,Delhi
Molārband,Delhi
Jaitpur,Haryana
Kondli,Delhi
Gharroli,Delhi
Tilpat,Haryana
Mīthepur,Delhi
Choudwar,Odisha
Goniāna Mandi,Punjab
Singānuram,Telangana
Bāda,Rajasthan
Sarwar,Rajasthan
Ettumanoor,Kerala
Benipur,Bihar
Rosera,Bihar
Sonepur,Bihar
Mahnar Bazar,Bihar
Jora Khurd,Madhya Pradesh
Gothara,Rajasthan
Lālru,Punjab
Kardhān,Haryana
Bablāi,Haryana
Ahīwāra,Chhattisgarh
Birgaon,Chhattisgarh
Pipri,Maharashtra
Borgaon,Maharashtra
Sindi,Maharashtra
Chicholi,Maharashtra
Mahādula,Maharashtra
Kanhān,Maharashtra
Yerkhera,Maharashtra
Nārsala,Maharashtra
Hudkeshwar Buzurg,Maharashtra
Wāri,Maharashtra
Vijayapuri North,Telangana
Mahārājpur,Madhya Pradesh
Umbri,Maharashtra
Desāīganj,Maharashtra
Rāmachandrapuran,Telangana
Amīnpur,Telangana
Bolārum,Telangana
Bāspalli,Telangana
Rāniganj,Telangana
Nivāri,Madhya Pradesh
Bādepalli,Telangana
Achampet,Telangana
Torūr,Telangana
Rajākheri,Madhya Pradesh
Makronia,Madhya Pradesh
Damua,Madhya Pradesh
Gotegaon,Madhya Pradesh
Kaimur,Madhya Pradesh
Ugrākheri,Haryana
Tikri Kalān,Delhi
Nangli Sakrawat,Delhi
Tirorā,Maharashtra
Kumbalam,Kerala
Aroor,Kerala
Kadakkavoor,Kerala
Kalavoor,Kerala
Kalamassery,Kerala
Bunjwah,Jammu and Kashmir
Sujānpur,Punjab
Jugiāl,Punjab
Mamun,Punjab
Dyāne,Maharashtra
Soyāgaon,Maharashtra
Bāngarda,Madhya Pradesh
Bāngarda Chhota,Madhya Pradesh
Bānk,Madhya Pradesh
Rāvu,Madhya Pradesh
Pālda,Madhya Pradesh
Husainpur,Punjab
Bodrī,Chhattisgarh
Sirgittī,Chhattisgarh
Lingiādīh,Chhattisgarh
Tifrā,Chhattisgarh
Deori,Chhattisgarh
Nailā,Chhattisgarh
Gorāya,Punjab
Gobindgarh,Punjab
Balaungi,Punjab
Pudupattanam,Tamil Nadu
Sarapāka,Telangana
Sādpalli,Telangana
Chandili,Odisha
Ibrāhīmpatnam,Andhra Pradesh
Rāmavarappādu,Andhra Pradesh
Kānūru,Andhra Pradesh
Poranki,Andhra Pradesh
Tādigadapa,Andhra Pradesh
Bacheli,Chhattisgarh
Cherthala,Kerala
Cheppad,Kerala
Keru,Rajasthan
Sāngaria,Rajasthan
Fālna,Rajasthan
Akalkuva,Maharashtra
Makhdumpur,Bihar
Madhurampur Dehri,Bihar
Nokha,Bihar
Bela,Bihar
Kōtekāra,Karnataka
Sōmēshvara,Karnataka
Koipādi,Kerala
Kūdlu,Kerala
Kakkalapalle,Andhra Pradesh
Somandepalle,Andhra Pradesh
Ramanattukara,Kerala
Chengala,Kerala
Ajānūr,Kerala
Trikarpūr North,Kerala
Trikarpūr South,Kerala
Mādāyi,Puducherry
Kunnimangalam,Puducherry
Molakālumuru,Karnataka
Bhadauni,Bihar
Satyāmangala,Karnataka
Pariyāram,Kerala
Bihāt,Bihar
Hutagalli,Karnataka
Hinakallu,Karnataka
Cherukunnu,Kerala
Kannapuram,Kerala
Pallikunnu,Kerala
Chirakkal,Kerala
Kalliyasshēri,Kerala
Puzhathi,Kerala
Kolaccheri,Kerala
Elayavur,Kerala
Pinarāyi,Kerala
Chālakilakākara,Kerala
Irivēri,Kerala
Chelora,Kerala
Kudali,Kerala
Munderi,Kerala
Saknepalli,Telangana
Keevallur,Kerala
Patuvilāyi,Kerala
Patiriyat,Kerala
Eruvatti,Kerala
Katirur,Kerala
Erannoli,Kerala
Pāttyam,Kerala
Mokēri,Kerala
Kolavallúr,Kerala
Māniyūr,Kerala
Chōrōd,Kerala
Edacchēri,Kerala
Erāmala,Kerala
Azhiyūr,Kerala
Tūnēri,Kerala
Panniyannūr,Kerala
Chekkiād,Kerala
Āyanchēri,Kerala
Eravattūr,Kerala
Kunnummal,Kerala
Chēmanchēri,Kerala
Kizhariyūr,Kerala
Nangli,Punjab
Ulliyeri,Kerala
Icchannūr,Kerala
Talakkolattur,Kerala
Nanminda,Kerala
Kuruvattūr,Kerala
Perumanna,Kerala
Kuttikkāttūr,Kerala
Pūvātūparamba,Kerala
Pūlakkōd,Kerala
Tennala,Kerala
Ponmundam,Kerala
Cheriyamundam,Kerala
Triprangod,Kerala
Tānālūr,Kerala
Edakkazhiyūr,Kerala
Punnayūr,Kerala
Māranchēri,Kerala
Māchai,Karnataka
Piranvādi,Karnataka
Kurikuppi,Karnataka
Thirunavaya,Kerala
Nohsa,Bihar
Kandāri,Maharashtra
Bodupāl,Telangana
Pīrzādagūda,Telangana
Meerpet,Telangana
Chautāpal,Telangana
Moreh,Manipur
Kakkanad,Kerala
Abrama,Gujarat
Phusro,Jharkhand
Alangad,Kerala
Andipalayam,Tamil Nadu
Anklav,Gujarat
Bagbera,Jharkhand
Barauni,Bihar
Boriavi,Gujarat
Kanjari,Gujarat
Vadakkanandal,Tamil Nadu
Tangla,Assam
Talod,Gujarat
Sithurajapuram,Tamil Nadu
Shrirampur,Maharashtra
Savarkundla,Gujarat
Resubelpara,Meghalaya
Rangat,Andaman and Nicobar
Rampura Phul,Punjab
Puthencruz,Kerala
Peruvallur,Kerala
Patdi,Gujarat
Paravai,Tamil Nadu
Paranda,Maharashtra
Nedumpana,Kerala
Chandrapura,Jharkhand
Chinnalapatti,Tamil Nadu
Chirkunda,Jharkhand
Mulavukad,Kerala
Edavilangu,Kerala
Elamkunnapuzha,Kerala
Jalda,Odisha
Jamjodhpur,Gujarat
Malkapur,Maharashtra
Karthikappally,Kerala
Kondalampatti,Tamil Nadu
Koothappar,Tamil Nadu
Koovappady,Kerala
Madhapar,Gujarat
Manendragarh,Chhattisgarh
Maradu,Kerala
Marthandam,Tamil Nadu
Moonak,Punjab
Moothakunnam,Kerala
Vadavalli,Tamil Nadu
Villukuri,Tamil Nadu
Vilankurichi,Tamil Nadu
Ayyalur,Tamil Nadu
Chalthan,Gujarat
Iroopara,Kerala
Kidarakulam,Kerala
Narasimhanaickenpalayam,Tamil Nadu
Māmidālapādu,Andhra Pradesh
Gopavaram,Andhra Pradesh
Jūjūvādi,Tamil Nadu
Mūkondapalli,Tamil Nadu
Avalēpalli,Tamil Nadu
Kādiganpalli,Tamil Nadu
Lakkanahalli,Tamil Nadu
Pāchchal,Tamil Nadu
Kondasamudram,Tamil Nadu
Podaturpet,Tamil Nadu
Vinnamāla,Andhra Pradesh
Vengikkal,Tamil Nadu
Puliyankannu,Tamil Nadu
Sevilimedu,Tamil Nadu
Nattappettai,Tamil Nadu
Kottaikādu,Tamil Nadu
Kizhuparamba,Kerala
Peringottupulam,Kerala
Kodur,Kerala
Devarshola,Tamil Nadu
Tondalam,Tamil Nadu
Kollivāyal,Tamil Nadu
Kērkandi,Tamil Nadu
Vīrakeralam,Tamil Nadu
Idaiyarpālaiyam,Tamil Nadu
Chinnavādampatti,Tamil Nadu
Vellakkinar,Tamil Nadu
Rakkiyapālaiyam,Tamil Nadu
Kāttipparutti,Kerala
Naduvattam,Kerala
Kāladi,Kerala
Irimbiliyam,Kerala
Muthutala,Kerala
Ālankōd,Kerala
Vadakkēkkād,Kerala
Kārakkād,Kerala
Kadamakudi,Kerala
Kottuvalli,Kerala
Vadakakarai,Kerala
Puthenvelikara,Kerala
Puthūr,Kerala
Marattakara,Kerala
Amballūr,Kerala
Namminikara,Kerala
Kallūr Vadakummuri,Kerala
Koratti,Kerala
Karumālūr,Kerala
Alengād,Kerala
Kadungalūr,Kerala
Cheranellūr,Kerala
Edattala,Kerala
Chengamanād,Kerala
Kallūr Tekkumuri,Kerala
Martūru,Kerala
Chelamartam,Kerala
Vāzhakulam,Kerala
Kunnatnād,Kerala
Vengola Kizhakkumbāgam,Kerala
Pirāyiri,Kerala
Ambikāpuram,Kerala
Puthuppariyāram,Kerala
Marutharōd,Kerala
Ūttukuli,Tamil Nadu
Mēppādam,Kerala
Kumārapuram,Kerala
Vakkam,Kerala
Kīlattingal,Kerala
Vellūr,Kerala
Vettanād,Kerala
Vattiyūrkāvu,Kerala
Srvanampatti,Tamil Nadu
Kālappatti,Tamil Nadu
Sāmalāpuram,Tamil Nadu
Iramallūr,Kerala
Pudusseri,Kerala
Kurichchi,Tamil Nadu
Kuniyamuttūr,Tamil Nadu
Rāmachettipālaiyam,Tamil Nadu
Kokōtamangalam South,Kerala
Chengalam,Kerala
Mannanchōri,Kerala
Srīkandamangalam,Kerala
Bharanikāvu Tekku,Kerala
Krishnāpuram,Kerala
Ochira,Kerala
Kulasēkarapuram,Kerala
Ādanāttutekkumuri Kizhakku,Kerala
Ayanavelikulangara Vadakku,Kerala
Kalleribhāgam,Kerala
Panayāttur Vadakkumbhāgam,Kerala
Karuva,Kerala
Perunād,Kerala
Tirkadavūr,Kerala
Kottangara,Kerala
Mayyanād,Kerala
Trikonavattam,Kerala
Adichānallūr,Kerala
Talattala,Kerala
Mīnād,Kerala
Puttankulam,Kerala
Edavai,Kerala
Kumārapālaiyam,Tamil Nadu
Palangarai,Tamil Nadu
Tirumuruganpūndi,Tamil Nadu
Velampālaiyam,Tamil Nadu
Chettipālaiyam,Tamil Nadu
Boyampālaiyam,Tamil Nadu
Nerupperichchal,Tamil Nadu
Mangalam,Tamil Nadu
Murugampālaiyam,Tamil Nadu
Mannarai,Tamil Nadu
Muttanampālaiyam,Tamil Nadu
Kāraippudūr,Tamil Nadu
Vīrapāndi,Tamil Nadu
Nallūr,Tamil Nadu
Jāmbai,Tamil Nadu
Pudūr,Tamil Nadu
Tattānkuttai,Tamil Nadu
Salangaippālaiyam,Tamil Nadu
Sūryampālaiyam,Tamil Nadu
Periya Semūr,Tamil Nadu
Brāhmana Periya Agrahāram,Tamil Nadu
Vīrappanchathiram,Tamil Nadu
Kāsipālaiyam,Tamil Nadu
Sūrampatti,Tamil Nadu
Karumāndi Chellipālaiyam,Tamil Nadu
Tindal,Tamil Nadu
Cheruthazham,Kerala
Idangansālai,Tamil Nadu
Vīrnūr,Tamil Nadu
Pottaneri Nallakavundanpatti,Tamil Nadu
Elandakuttai,Tamil Nadu
Ālampālaiyam,Tamil Nadu
Kannampālaiyam,Tamil Nadu
Sūleswaranpatti,Tamil Nadu
Sundakkāmpālaiyam,Tamil Nadu
Periyakottai,Tamil Nadu
Dārāsuram,Tamil Nadu
Tirunāgeswaram,Tamil Nadu
Nānjikkottai,Tamil Nadu
Churi,Jharkhand
Saunda,Jharkhand
Sirka,Jharkhand
Kedia,Jharkhand
Kāro,Jharkhand
Bermo,Jharkhand
Sāram,Jharkhand
Kathhāra,Jharkhand
Jāridih,Jharkhand
Kappiyara,Tamil Nadu
Kadayal,Tamil Nadu
Triparappu,Tamil Nadu
Tiruvattār,Tamil Nadu
Kāttatturai,Tamil Nadu
Valvachatottam,Tamil Nadu
Mulakumūd,Tamil Nadu
Verukulambu,Tamil Nadu
Ponmana,Tamil Nadu
Nallavila,Tamil Nadu
Ālūr,Tamil Nadu
Āchāripallam Vāniyakudi,Tamil Nadu
Dharmapuram,Tamil Nadu
Nāranammālpuram,Tamil Nadu
Pattamadai,Tamil Nadu
Eruvādi,Tamil Nadu
Chinna Āndānkovil,Tamil Nadu
Tāndoni,Tamil Nadu
Senapparetti,Tamil Nadu
Pālaiyam,Tamil Nadu
Sīlappādi,Tamil Nadu
Kulattuppālaiyam,Tamil Nadu
Sivagirippatti,Tamil Nadu
Bhikshāndārkovil,Tamil Nadu
Nangavaram,Tamil Nadu
Pāppākurichchi,Tamil Nadu
Tuvāgudi,Tamil Nadu
Sankarapatti,Tamil Nadu
Ellakkudi,Tamil Nadu
Tiruverumbūr,Tamil Nadu
Navalpattu,Tamil Nadu
Tiruppālai,Tamil Nadu
Ottakkadai,Tamil Nadu
Melmadai,Tamil Nadu
Anuppānadi,Tamil Nadu
Vandiyūr,Tamil Nadu
Pudukkottai,Tamil Nadu
Vilāngudi,Tamil Nadu
Ānaiyūr,Tamil Nadu
Nāyanakulam,Tamil Nadu
Kannānendal,Tamil Nadu
Avaniyāpuram,Tamil Nadu
Pālaiyampatti,Tamil Nadu
Attimarappatti,Tamil Nadu
Muttayyāpuram,Tamil Nadu
Agaram,Tamil Nadu
Chettināyakkanpatti,Tamil Nadu
Sālamedu,Tamil Nadu
Kammivapettai,Tamil Nadu
Lālpettai,Tamil Nadu
Gundupālaiyam,Puducherry
Ariyānkuppam,Puducherry
Manaveli,Puducherry
Kottaikuppam,Tamil Nadu
Chokkanāthapuram,Tamil Nadu
Kāmayakkavundanpatti,Tamil Nadu
Settiyārpatti,Tamil Nadu
Vadakarai Kīl Pidāgai,Tamil Nadu
Āyikudi,Tamil Nadu
Kannānkurichchi,Tamil Nadu
Periyapatti,Tamil Nadu
Narasingapuram,Tamil Nadu
Kushinagar,Uttar Pradesh
Rohini,Delhi
Mulugu,Telangana
Kallakurichi,Tamil Nadu
Alang,Gujarat
Amaravati,Andhra Pradesh
Shrivardhan,Maharashtra
Chirmiri,Chhattisgarh
Paramathi Velur,Tamil Nadu
Kanayannur,Kerala
Shahuwadi,Maharashtra
Maval,Maharashtra
Lalganj,Uttar Pradesh
Sadulshahar,Rajasthan
Lehragaga,Punjab
Santrampur,Gujarat
Chanpatia,Bihar
Bhadravati,Maharashtra
Kavisuryanagar,Odisha
Talala,Gujarat
Nowrozabad,Madhya Pradesh
Pakridayal,Bihar
Motipur,Bihar
Vazhapadi,Tamil Nadu
Dooru Verinag,Jammu and Kashmir
Chunchupally,Telangana
Yadagirigutta,Telangana
Bhupalpally,Telangana
Byasanagar,Odisha
Nalco,Odisha
Mawlai-Mawïong,Meghalaya
Teliamura,Tripura
Kanchanpur,Tripura
Keirao Bitra,Manipur
Chumukedima,Nagaland
Lanka,Assam
Kiphire,Nagaland
Seppa,Arunachal Pradesh
Thaikkattussery,Kerala
Pallipuram,Kerala
Mudalgi,Karnataka
Chitaguppa,Karnataka
Kim,Gujarat
Sayan,Gujarat
Morampudi,Andhra Pradesh
Hukumpeta,Andhra Pradesh
Nadim Tiruvuru,Andhra Pradesh
Sriramnagar,Andhra Pradesh
Mangalam,Andhra Pradesh
Rameswaram,Andhra Pradesh
L.A.Sagaram,Andhra Pradesh
Srisailam Project RFC Township,Andhra Pradesh
Tiruchanur,Andhra Pradesh
Suryaraopeta,Andhra Pradesh
Avilala,Andhra Pradesh
Kanigiri U,Andhra Pradesh
Tirupati NMA,Andhra Pradesh
Dowleswaram,Andhra Pradesh
Jaggaiahpet,Andhra Pradesh
Niz-Hajo,Assam
Jagiroad,Assam
Titabor Town,Assam
Duliajan Oil Town,Assam
Kataiya,Bihar
Dinapur Cantonment,Bihar
Banmankhi Bazar,Bihar
Phulwari Sharif,Bihar
Dinapur Nizamat,Bihar
Khongapani,Chhattisgarh
Shivpur Charcha,Chhattisgarh
Tilda Newra,Chhattisgarh
Bhilai Charoda,Chhattisgarh
Sultan Pur,Delhi
Neb Sarai,Delhi
Kusum Pur,Delhi
Bhati,Delhi
Mir Pur Turk,Delhi
Raja Pur Khurd,Delhi
Dayal Pur,Delhi
Shafi Pur Ranhola,Delhi
Aya Nagar,Delhi
Gharonda Neemka Bangar,Delhi
Kamal Pur Majra Burari,Delhi
Nithari,Delhi
Taj Pul,Delhi
Ziauddin Pur,Delhi
Pul Pehlad,Delhi
Khajoori Khas,Delhi
Sultan Pur Majra,Delhi
Chimbel,Goa
Penha de França,Goa
Sarigam INA,Gujarat
Sanjan,Gujarat
Baben,Gujarat
Kabilpor,Gujarat
Trajpar,Gujarat
Sarangpore,Gujarat
Andada,Gujarat
Khapat,Gujarat
Undera,Gujarat
Ambaji,Gujarat
Barwala,Gujarat
Chanod,Gujarat
Solsumba,Gujarat
Chhiri,Gujarat
Raval,Gujarat
Bholav,Gujarat
Anklesvar INA,Gujarat
Gadkhol,Gujarat
Jhadeshwar,Gujarat
Kansad,Gujarat
Tarsadi,Gujarat
Vapi INA,Gujarat
Bopal,Gujarat
Chhaya,Gujarat
Vijalpor,Gujarat
Palwal Rural,Haryana
Panipat Taraf Rajputan,Haryana
Panipat Taraf Ansar,Haryana
Panipat Taraf Makhdum Zadgan,Haryana
Ambala Sadar,Haryana
Raurkela Industrial Township,Odisha
R.S. Pora,Jammu and Kashmir
Raipur Domana,Jammu and Kashmir
Jammu Cantonment,Jammu and Kashmir
Basukinath,Jharkhand
Jadugora,Jharkhand
Gadhra,Jharkhand
Ghorabandha,Jharkhand
Sarjamda,Jharkhand
Siuliban,Jharkhand
Haludbani,Jharkhand
Chhota Gobindpur,Jharkhand
Kopali,Jharkhand
Mango,Jharkhand
Saligram,Karnataka
Shaktinagar,Karnataka
Panangad,Kerala
Karamuck,Kerala
Thekkumkara,Kerala
Pappinivattom,Kerala
Kanhirode,Kerala
Kandamkunnu,Kerala
Chevvoor,Kerala
Chendrappini,Kerala
Porathissery,Kerala
Peralassery,Kerala
Ongallur-I,Kerala
Varam,Kerala
Manalur,Kerala
Kattur,Kerala
Palayad,Kerala
Mangattidam,Kerala
Kurumathur,Kerala
Kadachira,Kerala
Ezhome,Kerala
Kanjiramkulam,Kerala
Kandalloor,Kerala
Pudussery West,Kerala
Killannur,Kerala
Puthuppally,Kerala
Koduvayur,Kerala
Muthukulam,Kerala
Perinjanam,Kerala
Kottappally,Kerala
Kodamthuruth,Kerala
Paippad,Kerala
Karuvanthuruthy,Kerala
Palai,Kerala
Ariyallur,Kerala
Ancharakandy,Kerala
Thiruvankulam,Kerala
Marampilly,Kerala
Kannamangalam,Kerala
Sreekaryam,Kerala
Pantheeramkavu,Kerala
Thazhecode,Kerala
Talikkulam,Kerala
Mulamthuruthy,Kerala
Muhamma,Kerala
Thodiyoor,Kerala
Ongallur-II,Kerala
Varappuzha,Kerala
Azhoor,Kerala
Pathirappally,Kerala
Ezhupunna,Kerala
Atholi,Kerala
Uliyazhathura,Kerala
Urakam,Kerala
Vijayapuram,Kerala
Cherukavu,Kerala
Vadanappally,Kerala
Kizhuvalam-Koonthalloor,Kerala
Vilavoorkkal,Kerala
Thenhippalam,Kerala
Elampalloor,Kerala
Chelambra,Kerala
Villiappally,Kerala
Kaipamangalam,Kerala
Venganoor,Kerala
Neduva,Kerala
Vilappil,Kerala
Parappur,Kerala
Vazhayur,Kerala
Malayinkeezhu,Kerala
Nattakam,Kerala
Othukkungal,Kerala
Manakunnam,Kerala
Peringathur,Kerala
Kulathummal,Kerala
Athiyannur,Kerala
Kalliyoor,Kerala
Kudappanakkunnu,Kerala
Abdu Rahiman Nagar,Kerala
Perumbaikad,Kerala
Kakkodi,Kerala
Choornikkara,Kerala
Panachikkad,Kerala
Olavanna,Kerala
Pallikal,Kerala
Komalapuram,Kerala
Vengara,Kerala
Vazhakkala,Kerala
Pallichal,Kerala
Moonniyur,Kerala
Cheruvannur,Kerala
Bangawan,Madhya Pradesh
Pasan,Madhya Pradesh
Amlai,Madhya Pradesh
Bijuri,Madhya Pradesh
Malajkhand,Madhya Pradesh
Dhanpuri,Madhya Pradesh
Kolar,Madhya Pradesh
Kalher,Maharashtra
Aurangabad Cantonment,Maharashtra
Pasthal,Maharashtra
Jalochi,Maharashtra
Korochi,Maharashtra
Ghulewadi,Maharashtra
Pachgaon,Maharashtra
Godoli,Maharashtra
Kodoli,Maharashtra
Hupari,Maharashtra
Mharal Bk,Maharashtra
Walwadi,Maharashtra
Khaira,Maharashtra
Kabnur,Maharashtra
Ranjangaon S,Maharashtra
Dehu Road,Maharashtra
Wadgaon Kolhati,Maharashtra
Samurou,Manipur
Kuda,Nagaland
Ghantapada,Odisha
Dera Colliery Township,Odisha
Lochapada,Odisha
Khariar Road,Odisha
Kurumbapet,Puducherry
Bareta,Punjab
Ahmedgarh,Punjab
Naya Gaon,Punjab
Ajeetgarh,Rajasthan
Vidyavihar,Rajasthan
Merta Road,Rajasthan
Nandri,Rajasthan
Fatehnagar,Rajasthan
Thorapadi,Tamil Nadu
Kangeyanallur,Tamil Nadu
Neelagiri,Tamil Nadu
Vathirairuppu,Tamil Nadu
Keezhkulam,Tamil Nadu
Kothanallur,Tamil Nadu
Adiyanuthu,Tamil Nadu
Nalloor,Tamil Nadu
Inam Maniyachi,Tamil Nadu
Palugal,Tamil Nadu
Palappallam,Tamil Nadu
Mamsapuram,Tamil Nadu
Kallukuttam,Tamil Nadu
Jalladiampet,Tamil Nadu
Ammainaickanur,Tamil Nadu
Methukummal,Tamil Nadu
Kalinjur,Tamil Nadu
Sankaraperi,Tamil Nadu
Reethapuram,Tamil Nadu
Polichalur,Tamil Nadu
Palavansathu,Tamil Nadu
Kilapavoor,Tamil Nadu
Painkulam,Tamil Nadu
Unnamalaikadai,Tamil Nadu
Pacode,Tamil Nadu
Ezhudesam,Tamil Nadu
Edaicode,Tamil Nadu
Viswanatham,Tamil Nadu
Balakrishnapuram,Tamil Nadu
Mathur,Tamil Nadu
Allapuram,Tamil Nadu
Puzhal,Tamil Nadu
Kollancode,Tamil Nadu
Mappilaiurani,Tamil Nadu
Milavittan,Tamil Nadu
Ramapuram,Tamil Nadu
Maraimalainagar,Tamil Nadu
Jawaharnagar,Telangana
Khanapuram Haveli,Telangana
Taranagar,Tripura
Madhuban,Tripura
Dukli,Tripura
Charipara,Tripura
